<?xml version="1.0"?>
<metadata>
	<idinfo><accconst>The access constraints are contained in the License Agreement which the user must agree to before using the data. A copy of the License Agreement is included with the digital product. The License Agreement reads as follows:

"For the data contained on this medium (media), or any part thereof, herein called the DATA

Between the PROVINCE OF NOVA SCOTIA as represented by the Nova Scotia Department of Natural Resources, hereinafter referred to as DNR

and the recipient of the data hereinafter called the USER

For good consideration, the receipt of which is acknowledged, DNR licences the non-exclusive use of the digital DATA to the USER on the following terms and conditions.

TERMS AND CONDITIONS

DNR remains the owner of the DATA and is not assigning copyright privileges to the USER.

The USER agrees to acknowledge DNR as the source of the DATA, if using or distributing it in its original form, whether in whole or in part, or as part of a value added product.

DNR reserves the right to modify and/or update the DATA without obligations to notify the USER.

The DATA is provided to the USER on an "as is" basis, without warranties of any kind, express or implied.

The entire risk as to the quality and accuracy of the DATA is with the USER and the USER shall use his/her own judgment in making use of the DATA or drawing conclusions based upon it.

DNR shall not be liable to the USER, his/her clients, servants, agents, contractors, assigns, or to any other person for any loss or damage of any kind including personal injury or death arising from the use of the DATA or accompanying written materials, or from errors, deficiencies or faults therein, whether such damage is caused by negligence or otherwise.  If errors or omissions are found in the DATA, the USER will notify DNR.

This Licence is the entire Agreement between the parties and supersedes all previous Agreements or understandings between DNR and the USER hereto, whether written or oral, in connection with or incidental to the DATA. This Licence shall be binding upon the parties hereto and each of their executors, administrators, successors and assigns and shall ensure to the benefit of such executors, administrators, successors and authorized assigns.

This Licence must be included with the DATA if the USER copies, resells, or re-distributes the DATA whether in whole or in part.

This Licence can be terminated by DNR at any time.  Upon such termination, the USER shall refrain from using the DATA and destroy all copies and backups in the USER'S possession.

This Licence is in effect once the USER reads and accepts the Terms and Conditions of this Licence.  If the USER is unable or unwilling to fully comply with these terms and conditions, the USER must refrain from using the DATA. By using the DATA, the USER acknowledges that he/she was aware of the terms and conditions of this Licence when he/she accepted it, understood them, and agreed to be bound by them."

A copy of the terms and conditions of the license are available with the downloaded product.</accconst><useconst>Any constraints on the use of the data are contained in the above license agreement. The terms and conditions of the license accompany the downloaded digital product. A statement of some use constraints can be viewed in the technical prerequisites.</useconst><datacred>Nova Scotia Department of Natural Resources</datacred><natvform>ESRI 10.2.2 file geodatabase feature class</natvform><ptcontac><cntinfo><cntperp><cntper>Jeff Poole</cntper><cntorg>Nova Scotia Department of Natural Resources, Geoscience and Mines Branch</cntorg></cntperp><cntpos>Information Services and Environmental Geology GIS Supervisor</cntpos><cntaddr><addrtype>mailing address</addrtype><address>1701 Hollis Street, P.O. Box 698</address><city>Halifax</city><state>Nova Scotia</state><postal>B3J 2T9</postal><country>Canada</country></cntaddr><cntvoice>(902)-424-8139</cntvoice><cntfax>(902)-424-7735</cntfax><cntemail>Jeff.Poole@novascotia.ca</cntemail><hours>9:00 a.m. to 5:00 p.m. AST Monday - Friday</hours></cntinfo></ptcontac><status><progress>Complete</progress><update>As needed</update></status><citation><citeinfo>
				<onlink>https://novascotia.ca/natr/meb/download/dp505.asp</onlink><title>DP ME 505, Version 1, 2018. Lithogeochemical Data from the Warwick Mountain Area, Eastern Cobequid Highlands, Nova Scotia</title><geoform>vector digital data</geoform><pubinfo><pubplace>Halifax, Nova Scotia, Canada</pubplace><publish>Nova Scotia Department of Natural Resources, Geoscience and Mines Branch</publish></pubinfo><pubdate>2018</pubdate><serinfo><sername>NSDNR Digital Product</sername><issue>DP ME 505</issue></serinfo><edition>1</edition><origin>T.G. MacHattie</origin><origin>C.C. MacMullen</origin></citeinfo></citation><descript><langdata>English</langdata><supplinf>Data Set ID =d505wi;  

Project ID = Eastern Cobequid Highlands Mapping Project</supplinf><abstract>This digital product consists of data from a lithogeochemical survey undertaken in multiple field seasons by DNR staff in the Warwick Mountain project area of the eastern Cobequid Highlands of Nova Scotia. It consists of 1877 samples with an approximate 1 km2 sampling grid extent taken over the Byers Brook-Diamond Brook volcanic belt.

The dataset consists of sample location information, sample descriptions, lab geochemistry for 1851 samples analyzed for S, K, Ca, Ti, V, Cr, Mn, Fe, Ni, Cu, Zn, As, Se, Rb, Sr, Y, Zr, Nb, Mo, Cd, Sn, Sb, Ba, Ce, W, Pb, Th, U by pXRF, a subset of 70 samples for Au and Hg by assay, and a subset of 47 rock sample analysis .</abstract><purpose>This survey, along with surficial and bedrock geological mapping, and silt and till surveys, was a component of renewed bedrock and mineral deposit research on the epithermal gold potential of the Byers Brook and Diamond Brook formations.

This lithogeochemistry sampling survey was conducted to establish regional background data on rock composition and geochemistry, and identify prospective areas and suitable sampling media for further geochemical exploration.</purpose></descript><timeperd><current>publication date</current><timeinfo><sngdate><caldate>2018</caldate></sngdate></timeinfo></timeperd><spdom><bounding><westbc>-63.63</westbc><eastbc>-63.09</eastbc><northbc>45.65</northbc><southbc>45.52</southbc></bounding><dsgpoly><dsgpolyo/></dsgpoly></spdom><keywords><temporal/><place><placekey>Nova Scotia</placekey><placekey>Colchester County</placekey><placekey>Cumberland County</placekey><placekey>11E/11</placekey><placekey>11E/12</placekey><placekey>Warwick Mountain</placekey></place><theme><themekey>Geologic &amp; Geophysical</themekey><themekey>geoscientificInformation</themekey><themekey>Downloadable Data</themekey><themekey>digital products</themekey><themekey>digital geoscience data</themekey><themekey>digital databases</themekey><themekey>Geochemical</themekey><themekey>Lithogeochemical Samples</themekey><themekey>pXRF analysis</themekey><themekey>fire assay</themekey><themekey>hard rock analysis</themekey><themekey>S</themekey><themekey>Sulphur</themekey><themekey>K</themekey><themekey>Potassium</themekey><themekey>Ca</themekey><themekey>Calcium</themekey><themekey>Ti</themekey><themekey>Titanium</themekey><themekey>V</themekey><themekey>Vanadium</themekey><themekey>Cr</themekey><themekey>Chromium</themekey><themekey>Mn</themekey><themekey>Manganese</themekey><themekey>Fe</themekey><themekey>Iron</themekey><themekey>Ni</themekey><themekey>Nickel</themekey><themekey>Cu</themekey><themekey>Copper</themekey><themekey>Zn</themekey><themekey>Zinc</themekey><themekey>As</themekey><themekey>Arsenic</themekey><themekey>Se</themekey><themekey>Selenium</themekey><themekey>Rb</themekey><themekey>Rubidium</themekey><themekey>Sr</themekey><themekey>Strontium</themekey><themekey>Y</themekey><themekey>Yttrium</themekey><themekey>Zr</themekey><themekey>Zirconium</themekey><themekey>Nb</themekey><themekey>Niobium</themekey><themekey>Mo</themekey><themekey>Molybdenum</themekey><themekey>Cd</themekey><themekey>Cadmium</themekey><themekey>Sn</themekey><themekey>Tin</themekey><themekey>Sb</themekey><themekey>Antimony</themekey><themekey>Ba</themekey><themekey>Barium</themekey><themekey>Ce</themekey><themekey>Cerium</themekey><themekey>W</themekey><themekey>Tungsten</themekey><themekey>Pb</themekey><themekey>Lead</themekey><themekey>Th</themekey><themekey>Thorium</themekey><themekey>U</themekey><themekey>Uranium</themekey><themekey>Au</themekey><themekey>Gold</themekey><themekey>Hg</themekey><themekey>Mercury</themekey></theme><stratum/></keywords><browse><browsen>none at this time</browsen><browsed>unknown</browsed></browse><secinfo><secsys>none</secsys><secclass>Unclassified</secclass><sechandl>none</sechandl></secinfo><crossref><citeinfo><origin>D.M. Brushett</origin><origin>A.L. Barras</origin><pubdate>2018</pubdate><title>DP ME 501, Version 1, 2018. Digital Version of Nova Scotia Department of Natural Resources Open File Map ME 2018-002, Preliminary Surficial Geology Map of the Eastern Cobequid Highlands, Nova Scotia, scale 1:35 000, by D.M. Brushett 2018</title><edition>1</edition><geoform>vector digital data</geoform><serinfo><sername>NSDNR Digital Product</sername><issue>DP ME 501</issue></serinfo><pubinfo><pubplace>Halifax, Nova Scotia, Canada</pubplace><publish>Nova Scotia Department of Natural Resources, Geoscience and Mines Branch</publish></pubinfo><onlink>https://novascotia.ca/natr/meb/download/dp501.asp</onlink></citeinfo></crossref><crossref><citeinfo><origin>D.M. Brushett</origin><origin>C.C. MacMullen</origin><pubdate>2018</pubdate><title>DP ME 502, Version 1, 2018. Till Geochemical Data from the Warwick Mountain Area, Eastern Cobequid Highlands, Nova Scotia</title><edition>1</edition><geoform>vector digital data</geoform><serinfo><sername>NSDNR Digital Product</sername><issue>DP ME 502</issue></serinfo><pubinfo><pubplace>Halifax, Nova Scotia, Canada</pubplace><publish>Nova Scotia Department of Natural Resources, Geoscience and Mines Branch</publish></pubinfo><onlink>https://novascotia.ca/natr/meb/download/dp502.asp</onlink></citeinfo></crossref><crossref><citeinfo><origin>G.J. Baldwin</origin><origin>C.C. MacMullen</origin><pubdate>2018</pubdate><title>DP ME 503, Version 1, 2018. Stream Sediment Geochemical Data from the Warwick  Mountain Area, Eastern Cobequid Highlands, Nova Scotia</title><edition>1</edition><geoform>vector digital data</geoform><serinfo><sername>NSDNR Digital Product</sername><issue>DP ME 503</issue></serinfo><pubinfo><pubplace>Halifax, Nova Scotia, Canada</pubplace><publish>Nova Scotia Department of Natural Resources, Geoscience and Mines Branch</publish></pubinfo><onlink>https://novascotia.ca/natr/meb/download/dp503.asp</onlink></citeinfo></crossref><crossref><citeinfo><origin>T.G. MacHattie</origin><origin>C.C. MacMullen</origin><pubdate>2018</pubdate><title>DP ME 504, Version 1, 2018. Digital Version of Nova Scotia Department of Natural Resources Open File Map ME 2018-005, Preliminary Bedrock Geology Map of the Eastern Cobequid Highlands, Nova Scotia, scale 1:35 000, by T.G. MacHattie, 2018</title><edition>1</edition><geoform>vector digital data</geoform><serinfo><sername>NSDNR Digital Product</sername><issue>DP ME 504</issue></serinfo><pubinfo><pubplace>Halifax, Nova Scotia, Canada</pubplace><publish>Nova Scotia Department of Natural Resources, Geoscience and Mines Branch</publish></pubinfo><onlink>https://novascotia.ca/natr/meb/download/dp504.asp</onlink></citeinfo></crossref><crossref><citeinfo><origin>D.M. Brushett</origin><pubdate>2018</pubdate><title> Preliminary Surficial Geology Map of the Eastern Cobequid Highlands, Nova Scotia, scale 1:35 000</title><edition>1</edition><geoform>map</geoform><serinfo><sername>NSDNR Open File Map</sername><issue>OFM ME 2018-002</issue></serinfo><pubinfo><pubplace>Halifax, Nova Scotia, Canada</pubplace><publish>Nova Scotia Department of Natural Resources, Geoscience and Mines Branch</publish></pubinfo><onlink>http://novascotia.ca/natr/meb/download/mg/ofm/htm/ofm_2018-002.asp</onlink></citeinfo></crossref><crossref><citeinfo><origin>T.G. MacHattie</origin><pubdate>2018</pubdate><title>Preliminary Bedrock Geology Map of the Eastern Cobequid Highlands, Nova Scotia, scale 1:35 000</title><edition>1</edition><geoform>map</geoform><serinfo><sername>NSDNR Open File Map</sername><issue>OFM ME 2018-005</issue></serinfo><pubinfo><pubplace>Halifax, Nova Scotia, Canada</pubplace><publish>Nova Scotia Department of Natural Resources, Geoscience and Mines Branch</publish></pubinfo><onlink>http://novascotia.ca/natr/meb/download/mg/ofm/htm/ofm_2018-005.asp</onlink></citeinfo></crossref><crossref><citeinfo><origin>T.G. MacHattie</origin><pubdate>2018</pubdate><title>Methodology for Whole-Rock Lithogeochemistry, Assay, and Portable X-ray Fluorescence Geochemical Datasets Associated with the Preliminary Bedrock Geology Map of the Eastern Cobequid Highlands, Nova Scotia</title><geoform>report</geoform><serinfo><sername>NSDNR Open File Report</sername><issue>OFR ME 2018-004, 89 p., 1 zip file (data)</issue></serinfo><pubinfo><pubplace>Halifax, Nova Scotia, Canada</pubplace><publish>Nova Scotia Department of Natural Resources, Geoscience and Mines Branch</publish></pubinfo><onlink>https://novascotia.ca/natr/meb/data/pubs/18ofr04/ofr_me_2018-004.pdf</onlink></citeinfo></crossref></idinfo><Esri><ModDate>20180302</ModDate><ModTime>22471900</ModTime><CreaDate>20170602</CreaDate><CreaTime>14130800</CreaTime><SyncOnce>TRUE</SyncOnce><PublishStatus>Published</PublishStatus><MetaID>{1A831BA5-1CDD-4D3D-9E8B-91CB4354DFA2}</MetaID></Esri><metainfo><metd Sync="TRUE">20180302</metd><metstdn>FGDC Content Standards for Digital Geospatial Metadata</metstdn><mettc>local time</mettc><metc><cntinfo><cntperp><cntper>see contact information</cntper></cntperp><cntaddr/></cntinfo></metc><metstdv>FGDC-STD-001-1998</metstdv><metrd>As required</metrd><langmeta>English</langmeta><metac>none</metac><metuc>none</metuc><metsi><metscs>none</metscs><metsc>Unclassified</metsc><metshd>none</metshd></metsi></metainfo><dataqual><posacc><horizpa><horizpar>There may be positional accuracy errors in the digital data that come from the original data collection, plus there are errors added by the process of digitizing the features from the original published source maps or field maps. The transfer of this data from older base maps onto the current base maps may also produce some error.

The user should be aware that using this data overlaid on topographic data that was not used during the digital capture of the data may result in apparent errors in the locations of the data that may or may not be real. The user should always try and use background topographic data that is the same as the source topographic data noted in this metadata.

The entire risk as to the quality and accuracy of the data is with the user and the user shall use his/her own judgment in making use of the data or drawing conclusions from it.</horizpar></horizpa></posacc><lineage/></dataqual><spref><horizsys><planar><planci><plance>coordinate pair</plance><plandu>metres</plandu></planci><gridsys><gridsysn>Universal Transverse Mercator</gridsysn><utm><utmzone>20</utmzone><transmer><sfctrmer>0.9996</sfctrmer><longcm>-63.0</longcm><latprjo>0</latprjo><feast>500000</feast><fnorth>0</fnorth></transmer></utm></gridsys></planar><cordsysn><geogcsn>GCS_North_American_1983_CSRS98</geogcsn><projcsn>NAD_1983_CSRS98_UTM_Zone_20N</projcsn></cordsysn><geodetic><horizdn>D_North _American_1983_CSRS98</horizdn><ellips>Geodetic Reference System 80</ellips><semiaxis>6378137.0</semiaxis><denflat>298.257222</denflat></geodetic></horizsys></spref><distinfo><techpreq>Technical Prerequisites - GIS data

In order to view our digital files on your computer, you require mapping software (e.g. ArcGIS, ArcInfo, ArcView, MapInfo, AutoCAD). If you do not have this software, ESRI provides a number of free Map Viewers called ArcGIS Explorer, ArcExplorer 9.x and ArcExplorer 2 which you can download over the Internet. ArcGIS Explorer is the latest version of this family of viewing software and we encourage clients to use it if you are running newer PC’s with Windows XP, Vista, or Windows 7 (http://www.esri.com/software/arcgis/explorer/arcexplorer.html). ArcExplorer 2 and ArcExplorer 9.x  are no longer supported by ESRI but maybe more practical on older PC’s. ArcExplorer 2 will run on Windows 95 and NT 4.0 SP3 and works with our "E00", "SHP", "JPG", "SID" and "TIF" files, while ArcExplorer9 worked with our SHP, TIF, JPG and some web services. The "TIF" and "JPG" image file formats can also be viewed in a number of graphic and image software packages including CorelDraw and Paint Shop Pro. The MRSID 
"SID" images can be viewed in an increasing number of image packages as well as with a free MrSID viewer supplied by LizardTech. Links for these and other map viewers can be found at the bottom of
http://www.gov.ns.ca/natr/meb/pubs/pubs3.asp. 

Data Formats

MRB provides its digital data products in a number of formats. You can find out more information on these formats and how to use them at 
http://www.gov.ns.ca/natr/meb/download/dpformat.asp. 

NS DNR Fonts Information 

A number of NS DNR or GSC fonts may be required to properly view our data sets in an ArcMap project or to view the hard copy maps in a PDF format (normally the fonts will be embedded in the PDF).   
The fonts required for a particular data set may be found in the 
c:\nsdnr\dp999v9XX\d999YY\arcmap\fonts directory on your computer after you download the data set. A complete set of all of our fonts is available for download from our web site at http://www.gov.ns.ca/natr/meb/download/dpinfo.asp. 
Any of these fonts can be installed on a Windows computer by using  Start - Settings - Control Panel - Fonts - File - Install New Font and adding the font(s) downloaded to c:\nsdnr\fonts or c:\nsdnr\dp999v9XX\d999YY\arcmap\fonts. 
   
ArcMap Project Information 
  
Our SHP products include an ArcMap project (.mxd) which has all of the shapefiles symbolized and tables loaded with links and joins already created. This project uses relative paths so it should be drive and path independent. It can be found in the c:\nsdnr\dp442v1sh\d442lc\arcmap\project directory.   

ArcView Project Information 
  
Our SHP products include an ArcView project (.apr) which has all of the shapefiles 
symbolized and tables loaded with links and joins already created. This project uses relative paths so it should be drive and path independent. It can be found in the c:\nsdnr\dp442v1sh\d442lc\arcview\project directory. 
  
ArcExplorer Project Information 
  
We have also included an ArcExplorer 2 project (.aep) and an ArcExplorer 9.x (.axl) project for this data set that can be found in the
c:\nsdnr\dp442v1sh\d442lc\arcexpl directory. The shapefiles are already loaded and have limited symbolization, any related tables are not loaded. The AEP project uses relative paths and should be no problem using it without any changes. The AXL project includes a string "c:\nsdnr\dp442v1sh" that will allow the AXL project to open automatically if you download the shapefile digital product (SHP) using the default settings. If you download the product to a different location you will need to edit this string in the AXL file using a text editor such as notebook and change the path to where you downloaded the digital product. 
  
Hotlinks 
  
In order to use the hotlink feature within ArcView 3.x you may need to load MRB's 
Hotlink Anything extension which may be located in the arcview/ext directory along with documentation. You may also need to set the variable MEBGIS_HOME on your system to the location of the data set on your system. The SHP product provides an ArcView project set up with the hotlinks working. Some modifications to the HOTLINK field in the database tables or in the HLFILES may be required to make the hotlink work properly. Knowledge of ArcView and hotlinks may be required to make this work properly. A feature called hotlinks is used in ArcView to link a feature such as a mineral occurrence or cross section to a single text file, image or web site etc. For features that we want to link multiple items or documents to we have developed our own hotlink extension for ArcView 
3.x called "Hotlink Anything". The extension and documentation on how to install the extension, and set the required MEBGIS_HOME variable to the location of the data set on your system is included in the
x:\nsgov\dig_prod_num\data_set_id\arcview\ext directory 
(example - c:\nsgov\dp305v1sh\g118a\arcview\ext) assuming that you used our default directories when downloading the data. The SHP product provides an ArcView project set up with the hotlinks working. Some modifications to the HOTLINK field in the database tables or in the HLFILES.TXT file may be required to make the hotlink work properly. Knowledge of ArcView and hotlinks may be required to make the native hotlink utility or our extension work properly. 
  
Problems and Limitations
   
Problems have been reported trying to import ARC E00 files into ArcView on Windows 95 computers. Related tables do not import into ArcView. It is not a problem on UNIX, Windows 3.1 or Windows NT, or Windows 2000 platforms. If you experience this problem you can use our DXF/DBF product which contains the tables in dBase format. dBase files can be imported into ArcView. 
Geological maps and associated digital products are intended for use at the
published scale of the map.</techpreq><distliab>The DATA is provided to the USER on an "as is" basis, without warranties of any kind, express or implied.

The entire risk as to the quality and accuracy of the DATA is with the USER and the USER shall use his/her own judgment in making use of the DATA or drawing conclusions based upon it.

DNR shall not be liable to the USER, his/her clients, servants, agents, contractors, assigns, or to any other person for any loss or damage of any kind including personal injury or death arising from the use of the DATA or accompanying written materials, or from errors, deficiencies or faults therein, whether such damage is caused by negligence or otherwise.  If errors or omissions are found in the DATA, the USER will notify DNR.

The terms and conditions of the license accompany the downloaded digital product.</distliab><distrib><cntinfo><cntaddr/><cntperp><cntper>see contact information</cntper></cntperp></cntinfo></distrib><stdorder><fees>Free</fees><ordering>The data set can be downloaded over the Internet</ordering>
			<digform><digtinfo><formname>ArcGIS File Geodatabase (FGDB), ESRI Shapefiles (SHP) and XLS</formname><filedec>ZIP archive file</filedec><formcont>Contains data pertaining to rock sample locations, litho descriptions, rock geochemistry analysis, assay analyses and pXRF analyses.</formcont><formspec>dp505v1sgx_Warwick_Mtn_Litho_Geochem.zip</formspec><formvern>10.2.2</formvern><transize>6.3 MB</transize><dssize>34.0 MB</dssize></digtinfo><digtopt><onlinopt><computer><networka><networkr>https://novascotia.ca/natr/meb/download/dp505.asp</networkr></networka></computer></onlinopt></digtopt></digform>
		</stdorder><availabl><timeinfo><sngdate><caldate>since 2018</caldate></sngdate></timeinfo></availabl><resdesc>Downloadable Data</resdesc><custom>Digital Product Number = DP ME 505</custom></distinfo><spdoinfo><direct>Point and Vector</direct><ptvctinf/></spdoinfo><eainfo><overview><dsoverv>The data set contains a number of point, line and polygon feature classes stored in an ESRI file geodatabase. The shapefile (SHP) downloadable product contains the equivalent files as indicated below.</dsoverv></overview><detailed><enttyp><enttypl>d505wicl_sample_locations, d505wicl.shp</enttypl><enttypd>ESRI file geodatabase feature class - sample location points</enttypd><enttypds>http://www.gov.ns.ca/natr/meb/download/dpfields.asp</enttypds></enttyp></detailed><detailed><enttyp><enttypl>d505wiml_litho_descriptions, d505wiml.shp</enttypl><enttypd>ESRI file geodatabase feature class points - litho descriptions</enttypd><enttypds>http://www.gov.ns.ca/natr/meb/download/dpfields.asp</enttypds></enttyp></detailed><detailed><enttyp><enttypl>d505wicx_closure_poly_outline, d505wicx.shp</enttypl><enttypd>ESRI file geodatabase feature class polygon - Warwick Moutain closure area outline</enttypd><enttypds>http://www.gov.ns.ca/natr/meb/download/dpfields.asp</enttypds></enttyp></detailed><detailed><enttyp><enttypl>d505wifi_lab_analyses_fire_assay, d505wifi.shp</enttypl><enttypd>ESRI file geodatabase feature class points - rock sample assay</enttypd><enttypds>http://www.gov.ns.ca/natr/meb/download/dpfields.asp</enttypds></enttyp></detailed><detailed><enttyp><enttypl>d505wipx_pXRF_analyses, d505wipx.shp</enttypl><enttypd>ESRI file geodatabase feature class points - rock rample pXRF analyses</enttypd><enttypds>http://www.gov.ns.ca/natr/meb/download/dpfields.asp</enttypds></enttyp></detailed><detailed><enttyp><enttypl>d505wicr_rock_geochemistry, d505wicr.shp</enttypl><enttypd>ESRI file geodatabase feature class points - whole rock analysis</enttypd><enttypds>http://www.gov.ns.ca/natr/meb/download/dpfields.asp</enttypds></enttyp></detailed></eainfo><mdDateSt Sync="TRUE">20180302</mdDateSt></metadata>
