<metadata xml:lang="en"><Esri><CreaDate>20180221</CreaDate><CreaTime>09374800</CreaTime><ArcGISFormat>1.0</ArcGISFormat><SyncOnce>FALSE</SyncOnce><DataProperties><lineage><Process Name="Copy Features (2)" ToolSource="c:\program files (x86)\arcgis\desktop10.5\ArcToolbox\Toolboxes\Data Management Tools.tbx\CopyFeatures" Date="20180126" Time="163222">CopyFeatures XRFTable_Layer C:\Users\MACMULLC\Desktop\Geochemistry\cm_geochem_25jan.gdb\pXRF_ALL # 0 0 0</Process><Process ToolSource="c:\program files (x86)\arcgis\desktop10.5\ArcToolbox\Toolboxes\Data Management Tools.tbx\AlterField" Date="20180126" Time="164039">AlterField XRF_ALL XRFALLTABLE_Station Station # TEXT 255 NULLABLE true</Process><Process ToolSource="c:\program files (x86)\arcgis\desktop10.5\ArcToolbox\Toolboxes\Data Management Tools.tbx\AlterField" Date="20180126" Time="164049">AlterField XRF_ALL XRFALLTABLE_Run_Count Run_Count # LONG 4 NULLABLE true</Process><Process ToolSource="c:\program files (x86)\arcgis\desktop10.5\ArcToolbox\Toolboxes\Data Management Tools.tbx\AlterField" Date="20180126" Time="164059">AlterField XRF_ALL XRFALLTABLE_Sample_No Sample_No # TEXT 255 NULLABLE true</Process><Process ToolSource="c:\program files (x86)\arcgis\desktop10.5\ArcToolbox\Toolboxes\Data Management Tools.tbx\AlterField" Date="20180126" Time="164110">AlterField XRF_ALL XRFALLTABLE_P_ppm P_ppm # DOUBLE 8 NULLABLE true</Process><Process ToolSource="c:\program files (x86)\arcgis\desktop10.5\ArcToolbox\Toolboxes\Data Management Tools.tbx\AlterField" Date="20180126" Time="164119">AlterField XRF_ALL XRFALLTABLE_S_ppm S_ppm # DOUBLE 8 NULLABLE true</Process><Process ToolSource="c:\program files (x86)\arcgis\desktop10.5\ArcToolbox\Toolboxes\Data Management Tools.tbx\AlterField" Date="20180126" Time="164129">AlterField XRF_ALL XRFALLTABLE_Cl_ppm Cl_ppm # DOUBLE 8 NULLABLE true</Process><Process ToolSource="c:\program files (x86)\arcgis\desktop10.5\ArcToolbox\Toolboxes\Data Management Tools.tbx\AlterField" Date="20180126" Time="164140">AlterField XRF_ALL XRFALLTABLE_K_ppm K_ppm # DOUBLE 8 NULLABLE true</Process><Process ToolSource="c:\program files (x86)\arcgis\desktop10.5\ArcToolbox\Toolboxes\Data Management Tools.tbx\AlterField" Date="20180126" Time="164151">AlterField XRF_ALL XRFALLTABLE_Ca_ppm Ca_ppm # DOUBLE 8 NULLABLE true</Process><Process ToolSource="c:\program files (x86)\arcgis\desktop10.5\ArcToolbox\Toolboxes\Data Management Tools.tbx\AlterField" Date="20180126" Time="164201">AlterField XRF_ALL XRFALLTABLE_Ti_ppm Ti_ppm # DOUBLE 8 NULLABLE true</Process><Process ToolSource="c:\program files (x86)\arcgis\desktop10.5\ArcToolbox\Toolboxes\Data Management Tools.tbx\AlterField" Date="20180126" Time="164211">AlterField XRF_ALL XRFALLTABLE_V_ppm V_ppm # DOUBLE 8 NULLABLE true</Process><Process ToolSource="c:\program files (x86)\arcgis\desktop10.5\ArcToolbox\Toolboxes\Data Management Tools.tbx\AlterField" Date="20180126" Time="164220">AlterField XRF_ALL XRFALLTABLE_Cr_ppm Cr_ppm # DOUBLE 8 NULLABLE true</Process><Process ToolSource="c:\program files (x86)\arcgis\desktop10.5\ArcToolbox\Toolboxes\Data Management Tools.tbx\AlterField" Date="20180126" Time="164230">AlterField XRF_ALL XRFALLTABLE_Mn_ppm Mn_ppm # DOUBLE 8 NULLABLE true</Process><Process ToolSource="c:\program files (x86)\arcgis\desktop10.5\ArcToolbox\Toolboxes\Data Management Tools.tbx\AlterField" Date="20180126" Time="164240">AlterField XRF_ALL XRFALLTABLE_Fe_ppm Fe_ppm # DOUBLE 8 NULLABLE true</Process><Process ToolSource="c:\program files (x86)\arcgis\desktop10.5\ArcToolbox\Toolboxes\Data Management Tools.tbx\AlterField" Date="20180126" Time="164250">AlterField XRF_ALL XRFALLTABLE_Co_ppm Co_ppm # DOUBLE 8 NULLABLE true</Process><Process ToolSource="c:\program files (x86)\arcgis\desktop10.5\ArcToolbox\Toolboxes\Data Management Tools.tbx\AlterField" Date="20180126" Time="164300">AlterField XRF_ALL XRFALLTABLE_Ni_ppm Ni_ppm # DOUBLE 8 NULLABLE true</Process><Process ToolSource="c:\program files (x86)\arcgis\desktop10.5\ArcToolbox\Toolboxes\Data Management Tools.tbx\AlterField" Date="20180126" Time="164310">AlterField XRF_ALL XRFALLTABLE_Cu_ppm Cu_ppm # DOUBLE 8 NULLABLE true</Process><Process ToolSource="c:\program files (x86)\arcgis\desktop10.5\ArcToolbox\Toolboxes\Data Management Tools.tbx\AlterField" Date="20180126" Time="164320">AlterField XRF_ALL XRFALLTABLE_Zn_ppm Zn_ppm # DOUBLE 8 NULLABLE true</Process><Process ToolSource="c:\program files (x86)\arcgis\desktop10.5\ArcToolbox\Toolboxes\Data Management Tools.tbx\AlterField" Date="20180126" Time="164330">AlterField XRF_ALL XRFALLTABLE_As_ppm As_ppm # DOUBLE 8 NULLABLE true</Process><Process ToolSource="c:\program files (x86)\arcgis\desktop10.5\ArcToolbox\Toolboxes\Data Management Tools.tbx\AlterField" Date="20180126" Time="164340">AlterField XRF_ALL XRFALLTABLE_Se_ppm Se_ppm # DOUBLE 8 NULLABLE true</Process><Process ToolSource="c:\program files (x86)\arcgis\desktop10.5\ArcToolbox\Toolboxes\Data Management Tools.tbx\AlterField" Date="20180126" Time="164350">AlterField XRF_ALL XRFALLTABLE_Rb_ppm Rb_ppm # DOUBLE 8 NULLABLE true</Process><Process ToolSource="c:\program files (x86)\arcgis\desktop10.5\ArcToolbox\Toolboxes\Data Management Tools.tbx\AlterField" Date="20180126" Time="164400">AlterField XRF_ALL XRFALLTABLE_Sr_ppm Sr_ppm # DOUBLE 8 NULLABLE true</Process><Process ToolSource="c:\program files (x86)\arcgis\desktop10.5\ArcToolbox\Toolboxes\Data Management Tools.tbx\AlterField" Date="20180126" Time="164410">AlterField XRF_ALL XRFALLTABLE_Y_ppm Y_ppm # DOUBLE 8 NULLABLE true</Process><Process ToolSource="c:\program files (x86)\arcgis\desktop10.5\ArcToolbox\Toolboxes\Data Management Tools.tbx\AlterField" Date="20180126" Time="164420">AlterField XRF_ALL XRFALLTABLE_Zr_ppm Zr_ppm # DOUBLE 8 NULLABLE true</Process><Process ToolSource="c:\program files (x86)\arcgis\desktop10.5\ArcToolbox\Toolboxes\Data Management Tools.tbx\AlterField" Date="20180126" Time="164430">AlterField XRF_ALL XRFALLTABLE_Nb_ppm Nb_ppm # DOUBLE 8 NULLABLE true</Process><Process ToolSource="c:\program files (x86)\arcgis\desktop10.5\ArcToolbox\Toolboxes\Data Management Tools.tbx\AlterField" Date="20180126" Time="164441">AlterField XRF_ALL XRFALLTABLE_Mo_ppm Mo_ppm # DOUBLE 8 NULLABLE true</Process><Process ToolSource="c:\program files (x86)\arcgis\desktop10.5\ArcToolbox\Toolboxes\Data Management Tools.tbx\AlterField" Date="20180126" Time="164451">AlterField XRF_ALL XRFALLTABLE_Ag_ppm Ag_ppm # DOUBLE 8 NULLABLE true</Process><Process ToolSource="c:\program files (x86)\arcgis\desktop10.5\ArcToolbox\Toolboxes\Data Management Tools.tbx\AlterField" Date="20180126" Time="164500">AlterField XRF_ALL XRFALLTABLE_Cd_ppm Cd_ppm # DOUBLE 8 NULLABLE true</Process><Process ToolSource="c:\program files (x86)\arcgis\desktop10.5\ArcToolbox\Toolboxes\Data Management Tools.tbx\AlterField" Date="20180126" Time="164510">AlterField XRF_ALL XRFALLTABLE_Sn_ppm Sn_ppm # DOUBLE 8 NULLABLE true</Process><Process ToolSource="c:\program files (x86)\arcgis\desktop10.5\ArcToolbox\Toolboxes\Data Management Tools.tbx\AlterField" Date="20180126" Time="164520">AlterField XRF_ALL XRFALLTABLE_Sb_ppm Sb_ppm # DOUBLE 8 NULLABLE true</Process><Process ToolSource="c:\program files (x86)\arcgis\desktop10.5\ArcToolbox\Toolboxes\Data Management Tools.tbx\AlterField" Date="20180126" Time="164530">AlterField XRF_ALL XRFALLTABLE_Ba_ppm Ba_ppm # DOUBLE 8 NULLABLE true</Process><Process ToolSource="c:\program files (x86)\arcgis\desktop10.5\ArcToolbox\Toolboxes\Data Management Tools.tbx\AlterField" Date="20180126" Time="164540">AlterField XRF_ALL XRFALLTABLE_La_ppm La_ppm # DOUBLE 8 NULLABLE true</Process><Process ToolSource="c:\program files (x86)\arcgis\desktop10.5\ArcToolbox\Toolboxes\Data Management Tools.tbx\AlterField" Date="20180126" Time="164551">AlterField XRF_ALL XRFALLTABLE_Ce_ppm Ce_ppm # DOUBLE 8 NULLABLE true</Process><Process ToolSource="c:\program files (x86)\arcgis\desktop10.5\ArcToolbox\Toolboxes\Data Management Tools.tbx\AlterField" Date="20180126" Time="164600">AlterField XRF_ALL XRFALLTABLE_Pr_ppm Pr_ppm # DOUBLE 8 NULLABLE true</Process><Process ToolSource="c:\program files (x86)\arcgis\desktop10.5\ArcToolbox\Toolboxes\Data Management Tools.tbx\AlterField" Date="20180126" Time="164610">AlterField XRF_ALL XRFALLTABLE_Nd_ppm Nd_ppm # DOUBLE 8 NULLABLE true</Process><Process ToolSource="c:\program files (x86)\arcgis\desktop10.5\ArcToolbox\Toolboxes\Data Management Tools.tbx\AlterField" Date="20180126" Time="164621">AlterField XRF_ALL XRFALLTABLE_Sm_ppm Sm_ppm # DOUBLE 8 NULLABLE true</Process><Process ToolSource="c:\program files (x86)\arcgis\desktop10.5\ArcToolbox\Toolboxes\Data Management Tools.tbx\AlterField" Date="20180126" Time="164630">AlterField XRF_ALL XRFALLTABLE_W_ppm W_ppm # DOUBLE 8 NULLABLE true</Process><Process ToolSource="c:\program files (x86)\arcgis\desktop10.5\ArcToolbox\Toolboxes\Data Management Tools.tbx\AlterField" Date="20180126" Time="164640">AlterField XRF_ALL XRFALLTABLE_Hg_ppm Hg_ppm # DOUBLE 8 NULLABLE true</Process><Process ToolSource="c:\program files (x86)\arcgis\desktop10.5\ArcToolbox\Toolboxes\Data Management Tools.tbx\AlterField" Date="20180126" Time="164650">AlterField XRF_ALL XRFALLTABLE_Pb_ppm Pb_ppm # DOUBLE 8 NULLABLE true</Process><Process ToolSource="c:\program files (x86)\arcgis\desktop10.5\ArcToolbox\Toolboxes\Data Management Tools.tbx\AlterField" Date="20180126" Time="164659">AlterField XRF_ALL XRFALLTABLE_Bi_ppm Bi_ppm # DOUBLE 8 NULLABLE true</Process><Process ToolSource="c:\program files (x86)\arcgis\desktop10.5\ArcToolbox\Toolboxes\Data Management Tools.tbx\AlterField" Date="20180126" Time="164709">AlterField XRF_ALL XRFALLTABLE_Th_ppm Th_ppm # DOUBLE 8 NULLABLE true</Process><Process ToolSource="c:\program files (x86)\arcgis\desktop10.5\ArcToolbox\Toolboxes\Data Management Tools.tbx\AlterField" Date="20180126" Time="164719">AlterField XRF_ALL XRFALLTABLE_U_ppm U_ppm # DOUBLE 8 NULLABLE true</Process><Process ToolSource="c:\program files (x86)\arcgis\desktop10.5\ArcToolbox\Toolboxes\Data Management Tools.tbx\AlterField" Date="20180126" Time="164729">AlterField XRF_ALL XRFALLTABLE_Zr_TiO2 Zr_TiO2 # DOUBLE 8 NULLABLE true</Process><Process ToolSource="c:\program files (x86)\arcgis\desktop10.5\ArcToolbox\Toolboxes\Data Management Tools.tbx\AlterField" Date="20180126" Time="164740">AlterField XRF_ALL XRFALLTABLE_Nb_Y Nb_Y # DOUBLE 8 NULLABLE true</Process><Process ToolSource="c:\program files (x86)\arcgis\desktop10.5\ArcToolbox\Toolboxes\Data Management Tools.tbx\AlterField" Date="20180126" Time="164749">AlterField XRF_ALL XRFALLTABLE_Run_Time_mins Run_Time_mins # DOUBLE 8 NULLABLE true</Process><Process ToolSource="c:\program files (x86)\arcgis\desktop10.5\ArcToolbox\Toolboxes\Data Management Tools.tbx\AlterField" Date="20180126" Time="164759">AlterField XRF_ALL XRFALLTABLE_Source_Excel Source_Excel # TEXT 255 NULLABLE true</Process><Process ToolSource="c:\program files (x86)\arcgis\desktop10.5\ArcToolbox\Toolboxes\Data Management Tools.tbx\AlterField" Date="20180126" Time="164809">AlterField XRF_ALL Station_Table_UTM_E_X UTM_E_X # DOUBLE 8 NULLABLE true</Process><Process ToolSource="c:\program files (x86)\arcgis\desktop10.5\ArcToolbox\Toolboxes\Data Management Tools.tbx\AlterField" Date="20180126" Time="164819">AlterField XRF_ALL Station_Table_UTM_N_Y UTM_N_Y # DOUBLE 8 NULLABLE true</Process><Process ToolSource="c:\program files (x86)\arcgis\desktop10.5\ArcToolbox\Toolboxes\Data Management Tools.tbx\AddField" Date="20180129" Time="094027">AddField pXRF_ALL dataset_id TEXT # # 8 # NULLABLE NON_REQUIRED #</Process><Process ToolSource="c:\program files (x86)\arcgis\desktop10.5\ArcToolbox\Toolboxes\Data Management Tools.tbx\AddField" Date="20180129" Time="094028">AddField pXRF_ALL theme_id TEXT # # 8 # NULLABLE NON_REQUIRED #</Process><Process ToolSource="c:\program files (x86)\arcgis\desktop10.5\ArcToolbox\Toolboxes\Data Management Tools.tbx\AddField" Date="20180129" Time="094030">AddField pXRF_ALL geologist TEXT # # 32 # NULLABLE NON_REQUIRED #</Process><Process ToolSource="c:\program files (x86)\arcgis\desktop10.5\ArcToolbox\Toolboxes\Data Management Tools.tbx\AddField" Date="20180129" Time="094031">AddField pXRF_ALL source_id LONG # # # # NULLABLE NON_REQUIRED #</Process><Process ToolSource="c:\program files (x86)\arcgis\desktop10.5\ArcToolbox\Toolboxes\Data Management Tools.tbx\AddField" Date="20180129" Time="094033">AddField pXRF_ALL gcode TEXT # # 32 # NULLABLE NON_REQUIRED #</Process><Process ToolSource="c:\program files (x86)\arcgis\desktop10.5\ArcToolbox\Toolboxes\Data Management Tools.tbx\AddField" Date="20180129" Time="094035">AddField pXRF_ALL gcode_desc TEXT # # 96 # NULLABLE NON_REQUIRED #</Process><Process ToolSource="c:\program files (x86)\arcgis\desktop10.5\ArcToolbox\Toolboxes\Data Management Tools.tbx\AddField" Date="20180129" Time="094036">AddField pXRF_ALL geo_id LONG # # # # NULLABLE NON_REQUIRED #</Process><Process ToolSource="c:\program files (x86)\arcgis\desktop10.5\ArcToolbox\Toolboxes\Data Management Tools.tbx\AddField" Date="20180129" Time="094038">AddField pXRF_ALL hotlink TEXT # # 254 # NULLABLE NON_REQUIRED #</Process><Process ToolSource="c:\program files (x86)\arcgis\desktop10.5\ArcToolbox\Toolboxes\Data Management Tools.tbx\AddField" Date="20180129" Time="094039">AddField pXRF_ALL notes TEXT # # 254 # NULLABLE NON_REQUIRED #</Process><Process ToolSource="c:\program files (x86)\arcgis\desktop10.5\ArcToolbox\Toolboxes\Data Management Tools.tbx\AddField" Date="20180129" Time="094041">AddField pXRF_ALL lat_dd DOUBLE # # # # NULLABLE NON_REQUIRED #</Process><Process ToolSource="c:\program files (x86)\arcgis\desktop10.5\ArcToolbox\Toolboxes\Data Management Tools.tbx\AddField" Date="20180129" Time="094043">AddField pXRF_ALL long_dd DOUBLE # # # # NULLABLE NON_REQUIRED #</Process><Process ToolSource="c:\program files (x86)\arcgis\desktop10.5\ArcToolbox\Toolboxes\Data Management Tools.tbx\AddField" Date="20180129" Time="094044">AddField pXRF_ALL comments TEXT # # 254 # NULLABLE NON_REQUIRED #</Process><Process ToolSource="c:\program files (x86)\arcgis\desktop10.5\ArcToolbox\Toolboxes\Data Management Tools.tbx\AddField" Date="20180129" Time="094046">AddField pXRF_ALL method TEXT # # 16 # NULLABLE NON_REQUIRED #</Process><Process ToolSource="c:\program files (x86)\arcgis\desktop10.5\ArcToolbox\Toolboxes\Data Management Tools.tbx\AddField" Date="20180129" Time="094047">AddField pXRF_ALL cert_link TEXT # # 128 # NULLABLE NON_REQUIRED #</Process><Process ToolSource="c:\program files (x86)\arcgis\desktop10.5\ArcToolbox\Toolboxes\Data Management Tools.tbx\AlterField" Date="20180129" Time="094049">AlterField pXRF_ALL Station stati_num # TEXT 255 NULLABLE true</Process><Process ToolSource="c:\program files (x86)\arcgis\desktop10.5\ArcToolbox\Toolboxes\Data Management Tools.tbx\CalculateField" Date="20180129" Time="094148">CalculateField pXRF_ALL method 'XRF' PYTHON #</Process><Process ToolSource="c:\program files (x86)\arcgis\desktop10.5\ArcToolbox\Toolboxes\Data Management Tools.tbx\CalculateField" Date="20180129" Time="094316">CalculateField pXRF_ALL geologist "Trevor MacHattie" PYTHON_9.3 #</Process><Process ToolSource="c:\program files (x86)\arcgis\desktop10.5\ArcToolbox\Toolboxes\Data Management Tools.tbx\CalculateField" Date="20180201" Time="114551">CalculateField d504wibg_pXRF_analyses method 'pXRF' PYTHON_9.3 #</Process><Process ToolSource="c:\program files (x86)\arcgis\desktop10.5\ArcToolbox\Toolboxes\Data Management Tools.tbx\CalculateField" Date="20180201" Time="114815">CalculateField d504wibg_pXRF_analyses gcode 'pXRF_ANLYS' PYTHON_9.3 #</Process><Process ToolSource="c:\program files (x86)\arcgis\desktop10.5\ArcToolbox\Toolboxes\Data Management Tools.tbx\CalculateField" Date="20180201" Time="114834">CalculateField d504wibg_pXRF_analyses gcode_desc 'pXRF Analysis' PYTHON_9.3 #</Process><Process ToolSource="c:\program files (x86)\arcgis\desktop10.5\ArcToolbox\Toolboxes\Data Management Tools.tbx\AddField" Date="20180208" Time="092901">AddField T:\development_work\cobequids\Trevor_Bedrock_Geology\courtney\!cm_working\d504wi_warwick_mtn_litho_geochem.gdb\d489ch_pXRF_analyses dataset_id TEXT # # 8 # NULLABLE NON_REQUIRED #</Process><Process ToolSource="c:\program files (x86)\arcgis\desktop10.5\ArcToolbox\Toolboxes\Data Management Tools.tbx\AddField" Date="20180208" Time="092904">AddField T:\development_work\cobequids\Trevor_Bedrock_Geology\courtney\!cm_working\d504wi_warwick_mtn_litho_geochem.gdb\d489ch_pXRF_analyses theme_id TEXT # # 8 # NULLABLE NON_REQUIRED #</Process><Process ToolSource="c:\program files (x86)\arcgis\desktop10.5\ArcToolbox\Toolboxes\Data Management Tools.tbx\AddField" Date="20180208" Time="092908">AddField T:\development_work\cobequids\Trevor_Bedrock_Geology\courtney\!cm_working\d504wi_warwick_mtn_litho_geochem.gdb\d489ch_pXRF_analyses geologist TEXT # # 32 # NULLABLE NON_REQUIRED #</Process><Process ToolSource="c:\program files (x86)\arcgis\desktop10.5\ArcToolbox\Toolboxes\Data Management Tools.tbx\AddField" Date="20180208" Time="092912">AddField T:\development_work\cobequids\Trevor_Bedrock_Geology\courtney\!cm_working\d504wi_warwick_mtn_litho_geochem.gdb\d489ch_pXRF_analyses source_id LONG # # # # NULLABLE NON_REQUIRED #</Process><Process ToolSource="c:\program files (x86)\arcgis\desktop10.5\ArcToolbox\Toolboxes\Data Management Tools.tbx\AddField" Date="20180208" Time="092916">AddField T:\development_work\cobequids\Trevor_Bedrock_Geology\courtney\!cm_working\d504wi_warwick_mtn_litho_geochem.gdb\d489ch_pXRF_analyses gcode TEXT # # 32 # NULLABLE NON_REQUIRED #</Process><Process ToolSource="c:\program files (x86)\arcgis\desktop10.5\ArcToolbox\Toolboxes\Data Management Tools.tbx\AddField" Date="20180208" Time="092920">AddField T:\development_work\cobequids\Trevor_Bedrock_Geology\courtney\!cm_working\d504wi_warwick_mtn_litho_geochem.gdb\d489ch_pXRF_analyses gcode_desc TEXT # # 96 # NULLABLE NON_REQUIRED #</Process><Process ToolSource="c:\program files (x86)\arcgis\desktop10.5\ArcToolbox\Toolboxes\Data Management Tools.tbx\AddField" Date="20180208" Time="092924">AddField T:\development_work\cobequids\Trevor_Bedrock_Geology\courtney\!cm_working\d504wi_warwick_mtn_litho_geochem.gdb\d489ch_pXRF_analyses geo_id LONG # # # # NULLABLE NON_REQUIRED #</Process><Process ToolSource="c:\program files (x86)\arcgis\desktop10.5\ArcToolbox\Toolboxes\Data Management Tools.tbx\AddField" Date="20180208" Time="092927">AddField T:\development_work\cobequids\Trevor_Bedrock_Geology\courtney\!cm_working\d504wi_warwick_mtn_litho_geochem.gdb\d489ch_pXRF_analyses hotlink TEXT # # 254 # NULLABLE NON_REQUIRED #</Process><Process ToolSource="c:\program files (x86)\arcgis\desktop10.5\ArcToolbox\Toolboxes\Data Management Tools.tbx\AddField" Date="20180208" Time="092931">AddField T:\development_work\cobequids\Trevor_Bedrock_Geology\courtney\!cm_working\d504wi_warwick_mtn_litho_geochem.gdb\d489ch_pXRF_analyses notes TEXT # # 254 # NULLABLE NON_REQUIRED #</Process><Process ToolSource="c:\program files (x86)\arcgis\desktop10.5\ArcToolbox\Toolboxes\Data Management Tools.tbx\AddField" Date="20180208" Time="092934">AddField T:\development_work\cobequids\Trevor_Bedrock_Geology\courtney\!cm_working\d504wi_warwick_mtn_litho_geochem.gdb\d489ch_pXRF_analyses lat_dd DOUBLE # # # # NULLABLE NON_REQUIRED #</Process><Process ToolSource="c:\program files (x86)\arcgis\desktop10.5\ArcToolbox\Toolboxes\Data Management Tools.tbx\AddField" Date="20180208" Time="092938">AddField T:\development_work\cobequids\Trevor_Bedrock_Geology\courtney\!cm_working\d504wi_warwick_mtn_litho_geochem.gdb\d489ch_pXRF_analyses long_dd DOUBLE # # # # NULLABLE NON_REQUIRED #</Process><Process ToolSource="c:\program files (x86)\arcgis\desktop10.5\ArcToolbox\Toolboxes\Data Management Tools.tbx\CalculateField" Date="20180208" Time="092942">CalculateField T:\development_work\cobequids\Trevor_Bedrock_Geology\courtney\!cm_working\d504wi_warwick_mtn_litho_geochem.gdb\d489ch_pXRF_analyses dataset_id 'd503cc' PYTHON #</Process><Process ToolSource="c:\program files (x86)\arcgis\desktop10.5\ArcToolbox\Toolboxes\Data Management Tools.tbx\CalculateField" Date="20180208" Time="122147">CalculateField "d489ch layers\d489ch_pXRF_analyses" geologist 'TMH' PYTHON_9.3 #</Process><Process ToolSource="c:\program files (x86)\arcgis\desktop10.5\ArcToolbox\Toolboxes\Data Management Tools.tbx\CalculateField" Date="20180208" Time="122523">CalculateField "d489ch layers\d489ch_pXRF_analyses" gcode 'GEOCHEM_PXRF' PYTHON_9.3 #</Process><Process ToolSource="c:\program files (x86)\arcgis\desktop10.5\ArcToolbox\Toolboxes\Data Management Tools.tbx\CalculateField" Date="20180208" Time="122706">CalculateField "d489ch layers\d489ch_pXRF_analyses" gcode_desc 'Geochemistry - Portable XRF Analysis' PYTHON_9.3 #</Process><Process ToolSource="c:\program files (x86)\arcgis\desktop10.5\ArcToolbox\Toolboxes\Data Management Tools.tbx\CalculateField" Date="20180208" Time="122847">CalculateField "d489ch layers\d489ch_pXRF_analyses" hotlink 'No_Hotlink' PYTHON_9.3 #</Process><Process ToolSource="c:\program files (x86)\arcgis\desktop10.5\ArcToolbox\Toolboxes\Data Management Tools.tbx\CalculateField" Date="20180208" Time="132001">CalculateField "d489ch layers\d489ch_pXRF_analyses" theme_id 'px' PYTHON_9.3 #</Process><Process ToolSource="c:\program files (x86)\arcgis\desktop10.5\ArcToolbox\Toolboxes\Data Management Tools.tbx\CalculateField" Date="20180208" Time="132122">CalculateField "d489ch layers\d489ch_pXRF_analyses" dataset_id 'd505wi' PYTHON_9.3 #</Process><Process ToolSource="c:\program files (x86)\arcgis\desktop10.5\ArcToolbox\Toolboxes\Data Management Tools.tbx\CalculateField" Date="20180208" Time="150547">CalculateField "d489ch layers\d489ch_pXRF_analyses" Run_Time_mins '3' PYTHON_9.3 #</Process><Process ToolSource="c:\program files (x86)\arcgis\desktop10.5\ArcToolbox\Toolboxes\Data Management Tools.tbx\CalculateField" Date="20180220" Time="104117">CalculateField d489_CB\d489ch_pXRF_analyses Ni_Th_Calibration 'Cal B' PYTHON_9.3 #</Process><Process ToolSource="c:\program files (x86)\arcgis\desktop10.5\ArcToolbox\Toolboxes\Data Management Tools.tbx\CalculateField" Date="20180220" Time="104248">CalculateField d489_CB\d489ch_pXRF_analyses Ni_Th_Calibration 'Cal A' PYTHON_9.3 #</Process><Process ToolSource="c:\program files (x86)\arcgis\desktop10.5\ArcToolbox\Toolboxes\Data Management Tools.tbx\Append" Date="20180220" Time="112459">Append d505wi_pXRF_add1sample d489_CB\d489ch_pXRF_analyses TEST # #</Process><Process ToolSource="c:\program files (x86)\arcgis\desktop10.5\ArcToolbox\Toolboxes\Data Management Tools.tbx\Append" Date="20180220" Time="112711">Append d505wi_pXRF_add1sample d489_CB\d489ch_pXRF_analyses NO_TEST "stati_num "stati_num" true true false 255 Text 0 0 ,First,#,d505wi_pXRF_add1sample,stati_num,-1,-1;Run_Count "Run_Count" true true false 4 Long 0 0 ,First,#,d505wi_pXRF_add1sample,Run_Count,-1,-1;Sample_No "Sample_No" true true false 255 Text 0 0 ,First,#,d505wi_pXRF_add1sample,Sample_No,-1,-1;P_ppm "P_ppm" true true false 8 Double 0 0 ,First,#,d505wi_pXRF_add1sample,P_ppm,-1,-1;S_ppm "S_ppm" true true false 8 Double 0 0 ,First,#,d505wi_pXRF_add1sample,S_ppm,-1,-1;Cl_ppm "Cl_ppm" true true false 8 Double 0 0 ,First,#,d505wi_pXRF_add1sample,Cl_ppm,-1,-1;K_ppm "K_ppm" true true false 8 Double 0 0 ,First,#,d505wi_pXRF_add1sample,K_ppm,-1,-1;Ca_ppm "Ca_ppm" true true false 8 Double 0 0 ,First,#,d505wi_pXRF_add1sample,Ca_ppm,-1,-1;Ti_ppm "Ti_ppm" true true false 8 Double 0 0 ,First,#,d505wi_pXRF_add1sample,Ti_ppm,-1,-1;V_ppm "V_ppm" true true false 8 Double 0 0 ,First,#,d505wi_pXRF_add1sample,V_ppm,-1,-1;Cr_ppm "Cr_ppm" true true false 8 Double 0 0 ,First,#,d505wi_pXRF_add1sample,Cr_ppm,-1,-1;Mn_ppm "Mn_ppm" true true false 8 Double 0 0 ,First,#,d505wi_pXRF_add1sample,Mn_ppm,-1,-1;Fe_ppm "Fe_ppm" true true false 8 Double 0 0 ,First,#,d505wi_pXRF_add1sample,Fe_ppm,-1,-1;Co_ppm "Co_ppm" true true false 8 Double 0 0 ,First,#,d505wi_pXRF_add1sample,Co_ppm,-1,-1;Ni_ppm "Ni_ppm" true true false 8 Double 0 0 ,First,#,d505wi_pXRF_add1sample,Ni_ppm,-1,-1;Cu_ppm "Cu_ppm" true true false 8 Double 0 0 ,First,#,d505wi_pXRF_add1sample,Cu_ppm,-1,-1;Zn_ppm "Zn_ppm" true true false 8 Double 0 0 ,First,#,d505wi_pXRF_add1sample,Zn_ppm,-1,-1;As_ppm "As_ppm" true true false 8 Double 0 0 ,First,#,d505wi_pXRF_add1sample,As_ppm,-1,-1;Se_ppm "Se_ppm" true true false 8 Double 0 0 ,First,#,d505wi_pXRF_add1sample,Se_ppm,-1,-1;Rb_ppm "Rb_ppm" true true false 8 Double 0 0 ,First,#,d505wi_pXRF_add1sample,Rb_ppm,-1,-1;Sr_ppm "Sr_ppm" true true false 8 Double 0 0 ,First,#,d505wi_pXRF_add1sample,Sr_ppm,-1,-1;Y_ppm "Y_ppm" true true false 8 Double 0 0 ,First,#,d505wi_pXRF_add1sample,Y_ppm,-1,-1;Zr_ppm "Zr_ppm" true true false 8 Double 0 0 ,First,#,d505wi_pXRF_add1sample,Zr_ppm,-1,-1;Nb_ppm "Nb_ppm" true true false 8 Double 0 0 ,First,#,d505wi_pXRF_add1sample,Nb_ppm,-1,-1;Mo_ppm "Mo_ppm" true true false 8 Double 0 0 ,First,#,d505wi_pXRF_add1sample,Mo_ppm,-1,-1;Ag_ppm "Ag_ppm" true true false 8 Double 0 0 ,First,#,d505wi_pXRF_add1sample,Ag_ppm,-1,-1;Cd_ppm "Cd_ppm" true true false 8 Double 0 0 ,First,#,d505wi_pXRF_add1sample,Cd_ppm,-1,-1;Sn_ppm "Sn_ppm" true true false 8 Double 0 0 ,First,#,d505wi_pXRF_add1sample,Sn_ppm,-1,-1;Sb_ppm "Sb_ppm" true true false 8 Double 0 0 ,First,#,d505wi_pXRF_add1sample,Sb_ppm,-1,-1;Ba_ppm "Ba_ppm" true true false 8 Double 0 0 ,First,#,d505wi_pXRF_add1sample,Ba_ppm,-1,-1;La_ppm "La_ppm" true true false 8 Double 0 0 ,First,#,d505wi_pXRF_add1sample,La_ppm,-1,-1;Ce_ppm "Ce_ppm" true true false 8 Double 0 0 ,First,#,d505wi_pXRF_add1sample,Ce_ppm,-1,-1;Pr_ppm "Pr_ppm" true true false 8 Double 0 0 ,First,#,d505wi_pXRF_add1sample,Pr_ppm,-1,-1;Nd_ppm "Nd_ppm" true true false 8 Double 0 0 ,First,#,d505wi_pXRF_add1sample,Nd_ppm,-1,-1;Sm_ppm "Sm_ppm" true true false 8 Double 0 0 ,First,#,d505wi_pXRF_add1sample,Sm_ppm,-1,-1;W_ppm "W_ppm" true true false 8 Double 0 0 ,First,#,d505wi_pXRF_add1sample,W_ppm,-1,-1;Hg_ppm "Hg_ppm" true true false 8 Double 0 0 ,First,#,d505wi_pXRF_add1sample,Hg_ppm,-1,-1;Pb_ppm "Pb_ppm" true true false 8 Double 0 0 ,First,#,d505wi_pXRF_add1sample,Pb_ppm,-1,-1;Bi_ppm "Bi_ppm" true true false 8 Double 0 0 ,First,#,d505wi_pXRF_add1sample,Bi_ppm,-1,-1;Th_ppm "Th_ppm" true true false 8 Double 0 0 ,First,#,d505wi_pXRF_add1sample,Th_ppm,-1,-1;U_ppm "U_ppm" true true false 8 Double 0 0 ,First,#,d505wi_pXRF_add1sample,U_ppm,-1,-1;Zr_TiO2 "Zr_TiO2" true true false 8 Double 0 0 ,First,#,d505wi_pXRF_add1sample,Zr_TiO2,-1,-1;Nb_Y "Nb_Y" true true false 8 Double 0 0 ,First,#,d505wi_pXRF_add1sample,Nb_Y,-1,-1;Run_Time_mins "Run_Time_mins" true true false 8 Double 0 0 ,First,#,d505wi_pXRF_add1sample,Run_Time_mins,-1,-1;Source_Excel "Source_Excel" true true false 255 Text 0 0 ,First,#,d505wi_pXRF_add1sample,Source_Excel,-1,-1;UTM_E_X "UTM_E_X" true true false 8 Double 0 0 ,First,#,d505wi_pXRF_add1sample,UTM_E_X,-1,-1;UTM_N_Y "UTM_N_Y" true true false 8 Double 0 0 ,First,#,d505wi_pXRF_add1sample,UTM_N_Y,-1,-1;dataset_id "dataset_id" true true false 8 Text 0 0 ,First,#,d505wi_pXRF_add1sample,dataset_id,-1,-1;theme_id "theme_id" true true false 8 Text 0 0 ,First,#,d505wi_pXRF_add1sample,theme_id,-1,-1;geologist "geologist" true true false 32 Text 0 0 ,First,#,d505wi_pXRF_add1sample,geologist,-1,-1;source_id "source_id" true true false 4 Long 0 0 ,First,#,d505wi_pXRF_add1sample,source_id,-1,-1;gcode "gcode" true true false 32 Text 0 0 ,First,#,d505wi_pXRF_add1sample,gcode,-1,-1;gcode_desc "gcode_desc" true true false 96 Text 0 0 ,First,#,d505wi_pXRF_add1sample,gcode_desc,-1,-1;geo_id "geo_id" true true false 4 Long 0 0 ,First,#,d505wi_pXRF_add1sample,geo_id,-1,-1;hotlink "hotlink" true true false 254 Text 0 0 ,First,#,d505wi_pXRF_add1sample,hotlink,-1,-1;lat_dd "lat_dd" true true false 8 Double 0 0 ,First,#,d505wi_pXRF_add1sample,lat_dd,-1,-1;long_dd "long_dd" true true false 8 Double 0 0 ,First,#,d505wi_pXRF_add1sample,long_dd,-1,-1;method "method" true true false 16 Text 0 0 ,First,#,d505wi_pXRF_add1sample,method,-1,-1;Ni_Th_Calibration "Ni_Th_Calibration" true true false 25 Text 0 0 ,First,#,d505wi_pXRF_add1sample,Ni_Th_Calibration,-1,-1" #</Process><Process ToolSource="c:\program files (x86)\arcgis\desktop10.5\ArcToolbox\Toolboxes\Data Management Tools.tbx\Append" Date="20180220" Time="115912">Append output_1sample d489_CB\d489ch_pXRF_analyses TEST # #</Process><Process ToolSource="c:\program files (x86)\arcgis\desktop10.5\ArcToolbox\Toolboxes\Data Management Tools.tbx\Append" Date="20180220" Time="120316">Append output_1sample d489_CB\d489ch_pXRF_analyses TEST # #</Process><Process ToolSource="c:\program files (x86)\arcgis\desktop10.5\ArcToolbox\Toolboxes\Analysis Tools.tbx\Clip" Date="20180220" Time="121552">Clip d489_CB\d489ch_pXRF_analyses_revised d505wi_GEOCHEMISTRY\pXRF\use_for_d505wi_xrf_clip T:\development_work\cobequids\Trevor_Bedrock_Geology\!cm_working\arcmap\d505wi.gdb\d505wi_pXRF #</Process><Process ToolSource="c:\program files (x86)\arcgis\desktop10.5\ArcToolbox\Toolboxes\Data Management Tools.tbx\CalculateField" Date="20180222" Time="150210">CalculateField d505wipx_pXRF_analyses stati_num_1 [stati_num] VB #</Process><Process ToolSource="c:\program files (x86)\arcgis\desktop10.5\ArcToolbox\Toolboxes\Data Management Tools.tbx\CalculateField" Date="20180222" Time="150248">CalculateField d505wipx_pXRF_analyses stati_num [stati_num_1] VB #</Process><Process ToolSource="c:\program files (x86)\arcgis\desktop10.5\ArcToolbox\Toolboxes\Data Management Tools.tbx\CalculateField" Date="20180222" Time="150325">CalculateField d505wipx_pXRF_analyses Sample_No_1 [Sample_No] VB #</Process><Process ToolSource="c:\program files (x86)\arcgis\desktop10.5\ArcToolbox\Toolboxes\Data Management Tools.tbx\CalculateField" Date="20180222" Time="150356">CalculateField d505wipx_pXRF_analyses Sample_No [Sample_No_1] VB #</Process><Process ToolSource="c:\program files (x86)\arcgis\desktop10.5\ArcToolbox\Toolboxes\Data Management Tools.tbx\CalculateField" Date="20180222" Time="150522">CalculateField d505wipx_pXRF_analyses E_u83z20_m [UTM_E_X] VB #</Process><Process ToolSource="c:\program files (x86)\arcgis\desktop10.5\ArcToolbox\Toolboxes\Data Management Tools.tbx\CalculateField" Date="20180222" Time="150616">CalculateField d505wipx_pXRF_analyses N_u83z20_m [UTM_N_Y] VB #</Process><Process ToolSource="c:\program files (x86)\arcgis\desktop10.5\ArcToolbox\Toolboxes\Data Management Tools.tbx\CalculateField" Date="20180222" Time="150655">CalculateField d505wipx_pXRF_analyses N_u83z20_m [UTM_N_Y] VB #</Process><Process ToolSource="c:\program files (x86)\arcgis\desktop10.5\ArcToolbox\Toolboxes\Data Management Tools.tbx\CalculateField" Date="20180222" Time="150958">CalculateField d505wipx_pXRF_analyses LAT_dd_1 [lat_dd] VB #</Process><Process ToolSource="c:\program files (x86)\arcgis\desktop10.5\ArcToolbox\Toolboxes\Data Management Tools.tbx\CalculateField" Date="20180222" Time="151026">CalculateField d505wipx_pXRF_analyses LAT_dd [LAT_dd_1] VB #</Process><Process ToolSource="c:\program files (x86)\arcgis\desktop10.5\ArcToolbox\Toolboxes\Data Management Tools.tbx\CalculateField" Date="20180222" Time="151100">CalculateField d505wipx_pXRF_analyses LON_dd [long_dd] VB #</Process><Process ToolSource="c:\program files (x86)\arcgis\desktop10.5\ArcToolbox\Toolboxes\Data Management Tools.tbx\CalculateField" Date="20180222" Time="151245">CalculateField d505wipx_pXRF_analyses Method_1 [method] VB #</Process><Process ToolSource="c:\program files (x86)\arcgis\desktop10.5\ArcToolbox\Toolboxes\Data Management Tools.tbx\CalculateField" Date="20180222" Time="151339">CalculateField d505wipx_pXRF_analyses Method [Method_1] VB #</Process><Process ToolSource="c:\program files (x86)\arcgis\desktop10.5\ArcToolbox\Toolboxes\Data Management Tools.tbx\CalculateField" Date="20180222" Time="153308">CalculateField d505wipx_pXRF_analyses src_excel [Source_Excel] VB #</Process><Process ToolSource="c:\program files (x86)\arcgis\desktop10.5\ArcToolbox\Toolboxes\Data Management Tools.tbx\CalculateField" Date="20180222" Time="153417">CalculateField d505wipx_pXRF_analyses Run_Count_1 [Run_Count] VB #</Process><Process ToolSource="c:\program files (x86)\arcgis\desktop10.5\ArcToolbox\Toolboxes\Data Management Tools.tbx\CalculateField" Date="20180222" Time="153602">CalculateField d505wipx_pXRF_analyses time_min [Run_Time_mins] VB #</Process><Process ToolSource="c:\program files (x86)\arcgis\desktop10.5\ArcToolbox\Toolboxes\Data Management Tools.tbx\CalculateField" Date="20180222" Time="153639">CalculateField d505wipx_pXRF_analyses run_count [Run_Count_1] VB #</Process><Process ToolSource="c:\program files (x86)\arcgis\desktop10.5\ArcToolbox\Toolboxes\Data Management Tools.tbx\CalculateField" Date="20180222" Time="153708">CalculateField d505wipx_pXRF_analyses time_min_1 [time_min] VB #</Process><Process ToolSource="c:\program files (x86)\arcgis\desktop10.5\ArcToolbox\Toolboxes\Data Management Tools.tbx\CalculateField" Date="20180222" Time="153735">CalculateField d505wipx_pXRF_analyses time_min [time_min_1] VB #</Process><Process ToolSource="c:\program files (x86)\arcgis\desktop10.5\ArcToolbox\Toolboxes\Data Management Tools.tbx\CalculateField" Date="20180222" Time="153833">CalculateField d505wipx_pXRF_analyses P_ppm_1 [P_ppm] VB #</Process><Process ToolSource="c:\program files (x86)\arcgis\desktop10.5\ArcToolbox\Toolboxes\Data Management Tools.tbx\CalculateField" Date="20180222" Time="153901">CalculateField d505wipx_pXRF_analyses P_ppm [P_ppm_1] VB #</Process><Process ToolSource="c:\program files (x86)\arcgis\desktop10.5\ArcToolbox\Toolboxes\Data Management Tools.tbx\CalculateField" Date="20180222" Time="163129">CalculateField d505wipx_pXRF_analyses S_ppm_1 [S_ppm] VB #</Process><Process ToolSource="c:\program files (x86)\arcgis\desktop10.5\ArcToolbox\Toolboxes\Data Management Tools.tbx\CalculateField" Date="20180222" Time="163647">CalculateField d505wipx_pXRF_analyses S_ppm [S_ppm_1] VB #</Process><Process ToolSource="c:\program files (x86)\arcgis\desktop10.5\ArcToolbox\Toolboxes\Data Management Tools.tbx\CalculateField" Date="20180222" Time="163717">CalculateField d505wipx_pXRF_analyses Cl_ppm_1 [Cl_ppm] VB #</Process><Process ToolSource="c:\program files (x86)\arcgis\desktop10.5\ArcToolbox\Toolboxes\Data Management Tools.tbx\CalculateField" Date="20180222" Time="163821">CalculateField d505wipx_pXRF_analyses Cl_ppm [Cl_ppm_1] VB #</Process><Process ToolSource="c:\program files (x86)\arcgis\desktop10.5\ArcToolbox\Toolboxes\Data Management Tools.tbx\CalculateField" Date="20180222" Time="163846">CalculateField d505wipx_pXRF_analyses K_ppm_1 [K_ppm] VB #</Process><Process ToolSource="c:\program files (x86)\arcgis\desktop10.5\ArcToolbox\Toolboxes\Data Management Tools.tbx\CalculateField" Date="20180222" Time="163922">CalculateField d505wipx_pXRF_analyses K_ppm [K_ppm_1] VB #</Process><Process ToolSource="c:\program files (x86)\arcgis\desktop10.5\ArcToolbox\Toolboxes\Data Management Tools.tbx\CalculateField" Date="20180222" Time="164000">CalculateField d505wipx_pXRF_analyses Ca_ppm_1 [Ca_ppm] VB #</Process><Process ToolSource="c:\program files (x86)\arcgis\desktop10.5\ArcToolbox\Toolboxes\Data Management Tools.tbx\CalculateField" Date="20180222" Time="164028">CalculateField d505wipx_pXRF_analyses Ca_ppm [Ca_ppm_1] VB #</Process><Process ToolSource="c:\program files (x86)\arcgis\desktop10.5\ArcToolbox\Toolboxes\Data Management Tools.tbx\CalculateField" Date="20180222" Time="164055">CalculateField d505wipx_pXRF_analyses Ti_ppm_1 [Ti_ppm] VB #</Process><Process ToolSource="c:\program files (x86)\arcgis\desktop10.5\ArcToolbox\Toolboxes\Data Management Tools.tbx\CalculateField" Date="20180222" Time="164121">CalculateField d505wipx_pXRF_analyses Ti_ppm [Ti_ppm_1] VB #</Process><Process ToolSource="c:\program files (x86)\arcgis\desktop10.5\ArcToolbox\Toolboxes\Data Management Tools.tbx\CalculateField" Date="20180222" Time="164146">CalculateField d505wipx_pXRF_analyses V_ppm_1 [V_ppm] VB #</Process><Process ToolSource="c:\program files (x86)\arcgis\desktop10.5\ArcToolbox\Toolboxes\Data Management Tools.tbx\CalculateField" Date="20180222" Time="164222">CalculateField d505wipx_pXRF_analyses V_ppm [V_ppm_1] VB #</Process><Process ToolSource="c:\program files (x86)\arcgis\desktop10.5\ArcToolbox\Toolboxes\Data Management Tools.tbx\CalculateField" Date="20180222" Time="164247">CalculateField d505wipx_pXRF_analyses Cr_ppm_1 [Cr_ppm] VB #</Process><Process ToolSource="c:\program files (x86)\arcgis\desktop10.5\ArcToolbox\Toolboxes\Data Management Tools.tbx\CalculateField" Date="20180222" Time="164315">CalculateField d505wipx_pXRF_analyses Cr_ppm [Cr_ppm_1] VB #</Process><Process ToolSource="c:\program files (x86)\arcgis\desktop10.5\ArcToolbox\Toolboxes\Data Management Tools.tbx\CalculateField" Date="20180222" Time="164341">CalculateField d505wipx_pXRF_analyses Mn_ppm_1 [Mn_ppm] VB #</Process><Process ToolSource="c:\program files (x86)\arcgis\desktop10.5\ArcToolbox\Toolboxes\Data Management Tools.tbx\CalculateField" Date="20180222" Time="164410">CalculateField d505wipx_pXRF_analyses Mn_ppm [Mn_ppm_1] VB #</Process><Process ToolSource="c:\program files (x86)\arcgis\desktop10.5\ArcToolbox\Toolboxes\Data Management Tools.tbx\CalculateField" Date="20180222" Time="164435">CalculateField d505wipx_pXRF_analyses Fe_ppm_1 [Fe_ppm] VB #</Process><Process ToolSource="c:\program files (x86)\arcgis\desktop10.5\ArcToolbox\Toolboxes\Data Management Tools.tbx\CalculateField" Date="20180222" Time="164503">CalculateField d505wipx_pXRF_analyses Fe_ppm [Fe_ppm_1] VB #</Process><Process ToolSource="c:\program files (x86)\arcgis\desktop10.5\ArcToolbox\Toolboxes\Data Management Tools.tbx\CalculateField" Date="20180222" Time="164529">CalculateField d505wipx_pXRF_analyses Co_ppm_1 [Co_ppm] VB #</Process><Process ToolSource="c:\program files (x86)\arcgis\desktop10.5\ArcToolbox\Toolboxes\Data Management Tools.tbx\CalculateField" Date="20180222" Time="164555">CalculateField d505wipx_pXRF_analyses Co_ppm [Co_ppm_1] VB #</Process><Process ToolSource="c:\program files (x86)\arcgis\desktop10.5\ArcToolbox\Toolboxes\Data Management Tools.tbx\CalculateField" Date="20180222" Time="164621">CalculateField d505wipx_pXRF_analyses Ni_ppm_1 [Ni_ppm] VB #</Process><Process ToolSource="c:\program files (x86)\arcgis\desktop10.5\ArcToolbox\Toolboxes\Data Management Tools.tbx\CalculateField" Date="20180222" Time="164650">CalculateField d505wipx_pXRF_analyses Ni_ppm [Ni_ppm_1] VB #</Process><Process ToolSource="c:\program files (x86)\arcgis\desktop10.5\ArcToolbox\Toolboxes\Data Management Tools.tbx\CalculateField" Date="20180222" Time="164731">CalculateField d505wipx_pXRF_analyses Cu_ppm_1 [Cu_ppm] VB #</Process><Process ToolSource="c:\program files (x86)\arcgis\desktop10.5\ArcToolbox\Toolboxes\Data Management Tools.tbx\CalculateField" Date="20180222" Time="164759">CalculateField d505wipx_pXRF_analyses Cu_ppm [Cu_ppm_1] VB #</Process><Process ToolSource="c:\program files (x86)\arcgis\desktop10.5\ArcToolbox\Toolboxes\Data Management Tools.tbx\CalculateField" Date="20180222" Time="164825">CalculateField d505wipx_pXRF_analyses Zn_ppm_1 [Zn_ppm] VB #</Process><Process ToolSource="c:\program files (x86)\arcgis\desktop10.5\ArcToolbox\Toolboxes\Data Management Tools.tbx\CalculateField" Date="20180222" Time="164853">CalculateField d505wipx_pXRF_analyses Zn_ppm [Zn_ppm_1] VB #</Process><Process ToolSource="c:\program files (x86)\arcgis\desktop10.5\ArcToolbox\Toolboxes\Data Management Tools.tbx\CalculateField" Date="20180222" Time="164918">CalculateField d505wipx_pXRF_analyses As_ppm_1 [As_ppm] VB #</Process><Process ToolSource="c:\program files (x86)\arcgis\desktop10.5\ArcToolbox\Toolboxes\Data Management Tools.tbx\CalculateField" Date="20180222" Time="164945">CalculateField d505wipx_pXRF_analyses As_ppm [As_ppm_1] VB #</Process><Process ToolSource="c:\program files (x86)\arcgis\desktop10.5\ArcToolbox\Toolboxes\Data Management Tools.tbx\CalculateField" Date="20180222" Time="165041">CalculateField d505wipx_pXRF_analyses Se_ppm_1 [Se_ppm] VB #</Process><Process ToolSource="c:\program files (x86)\arcgis\desktop10.5\ArcToolbox\Toolboxes\Data Management Tools.tbx\CalculateField" Date="20180222" Time="165110">CalculateField d505wipx_pXRF_analyses Se_ppm [Se_ppm_1] VB #</Process><Process ToolSource="c:\program files (x86)\arcgis\desktop10.5\ArcToolbox\Toolboxes\Data Management Tools.tbx\CalculateField" Date="20180222" Time="165137">CalculateField d505wipx_pXRF_analyses Rb_ppm_1 [Rb_ppm] VB #</Process><Process ToolSource="c:\program files (x86)\arcgis\desktop10.5\ArcToolbox\Toolboxes\Data Management Tools.tbx\CalculateField" Date="20180222" Time="165200">CalculateField d505wipx_pXRF_analyses Rb_ppm [Rb_ppm_1] VB #</Process><Process ToolSource="c:\program files (x86)\arcgis\desktop10.5\ArcToolbox\Toolboxes\Data Management Tools.tbx\CalculateField" Date="20180222" Time="165227">CalculateField d505wipx_pXRF_analyses Sr_ppm_1 [Sr_ppm] VB #</Process><Process ToolSource="c:\program files (x86)\arcgis\desktop10.5\ArcToolbox\Toolboxes\Data Management Tools.tbx\CalculateField" Date="20180222" Time="165253">CalculateField d505wipx_pXRF_analyses Sr_ppm [Sr_ppm_1] VB #</Process><Process ToolSource="c:\program files (x86)\arcgis\desktop10.5\ArcToolbox\Toolboxes\Data Management Tools.tbx\CalculateField" Date="20180222" Time="165318">CalculateField d505wipx_pXRF_analyses Y_ppm_1 [Y_ppm] VB #</Process><Process ToolSource="c:\program files (x86)\arcgis\desktop10.5\ArcToolbox\Toolboxes\Data Management Tools.tbx\CalculateField" Date="20180222" Time="165341">CalculateField d505wipx_pXRF_analyses Y_ppm [Y_ppm_1] VB #</Process><Process ToolSource="c:\program files (x86)\arcgis\desktop10.5\ArcToolbox\Toolboxes\Data Management Tools.tbx\CalculateField" Date="20180222" Time="165410">CalculateField d505wipx_pXRF_analyses Zr_ppm_1 [Zr_ppm] VB #</Process><Process ToolSource="c:\program files (x86)\arcgis\desktop10.5\ArcToolbox\Toolboxes\Data Management Tools.tbx\CalculateField" Date="20180222" Time="165437">CalculateField d505wipx_pXRF_analyses Zr_ppm [Zr_ppm_1] VB #</Process><Process ToolSource="c:\program files (x86)\arcgis\desktop10.5\ArcToolbox\Toolboxes\Data Management Tools.tbx\CalculateField" Date="20180222" Time="165503">CalculateField d505wipx_pXRF_analyses Nb_ppm_1 [Nb_ppm] VB #</Process><Process ToolSource="c:\program files (x86)\arcgis\desktop10.5\ArcToolbox\Toolboxes\Data Management Tools.tbx\CalculateField" Date="20180222" Time="165528">CalculateField d505wipx_pXRF_analyses Nb_ppm [Nb_ppm_1] VB #</Process><Process ToolSource="c:\program files (x86)\arcgis\desktop10.5\ArcToolbox\Toolboxes\Data Management Tools.tbx\CalculateField" Date="20180222" Time="165603">CalculateField d505wipx_pXRF_analyses Mo_ppm_1 [Mo_ppm] VB #</Process><Process ToolSource="c:\program files (x86)\arcgis\desktop10.5\ArcToolbox\Toolboxes\Data Management Tools.tbx\CalculateField" Date="20180222" Time="165628">CalculateField d505wipx_pXRF_analyses Mo_ppm [Mo_ppm_1] VB #</Process><Process ToolSource="c:\program files (x86)\arcgis\desktop10.5\ArcToolbox\Toolboxes\Data Management Tools.tbx\CalculateField" Date="20180222" Time="165657">CalculateField d505wipx_pXRF_analyses Ag_ppm_1 [Ag_ppm] VB #</Process><Process ToolSource="c:\program files (x86)\arcgis\desktop10.5\ArcToolbox\Toolboxes\Data Management Tools.tbx\CalculateField" Date="20180222" Time="165730">CalculateField d505wipx_pXRF_analyses Ag_ppm [Ag_ppm_1] VB #</Process><Process ToolSource="c:\program files (x86)\arcgis\desktop10.5\ArcToolbox\Toolboxes\Data Management Tools.tbx\CalculateField" Date="20180222" Time="165753">CalculateField d505wipx_pXRF_analyses Cd_ppm_1 [Cd_ppm] VB #</Process><Process ToolSource="c:\program files (x86)\arcgis\desktop10.5\ArcToolbox\Toolboxes\Data Management Tools.tbx\CalculateField" Date="20180222" Time="165823">CalculateField d505wipx_pXRF_analyses Cd_ppm [Cd_ppm_1] VB #</Process><Process ToolSource="c:\program files (x86)\arcgis\desktop10.5\ArcToolbox\Toolboxes\Data Management Tools.tbx\CalculateField" Date="20180222" Time="165849">CalculateField d505wipx_pXRF_analyses Sn_ppm_1 [Sn_ppm] VB #</Process><Process ToolSource="c:\program files (x86)\arcgis\desktop10.5\ArcToolbox\Toolboxes\Data Management Tools.tbx\CalculateField" Date="20180222" Time="165923">CalculateField d505wipx_pXRF_analyses Sn_ppm [Sn_ppm_1] VB #</Process><Process ToolSource="c:\program files (x86)\arcgis\desktop10.5\ArcToolbox\Toolboxes\Data Management Tools.tbx\CalculateField" Date="20180222" Time="165948">CalculateField d505wipx_pXRF_analyses Sb_ppm_1 [Sb_ppm] VB #</Process><Process ToolSource="c:\program files (x86)\arcgis\desktop10.5\ArcToolbox\Toolboxes\Data Management Tools.tbx\CalculateField" Date="20180222" Time="170013">CalculateField d505wipx_pXRF_analyses Sb_ppm [Sb_ppm_1] VB #</Process><Process ToolSource="c:\program files (x86)\arcgis\desktop10.5\ArcToolbox\Toolboxes\Data Management Tools.tbx\CalculateField" Date="20180222" Time="170043">CalculateField d505wipx_pXRF_analyses Ba_ppm_1 [Ba_ppm] VB #</Process><Process ToolSource="c:\program files (x86)\arcgis\desktop10.5\ArcToolbox\Toolboxes\Data Management Tools.tbx\CalculateField" Date="20180222" Time="170114">CalculateField d505wipx_pXRF_analyses Ba_ppm [Ba_ppm_1] VB #</Process><Process ToolSource="c:\program files (x86)\arcgis\desktop10.5\ArcToolbox\Toolboxes\Data Management Tools.tbx\CalculateField" Date="20180222" Time="170146">CalculateField d505wipx_pXRF_analyses La_ppm_1 [La_ppm] VB #</Process><Process ToolSource="c:\program files (x86)\arcgis\desktop10.5\ArcToolbox\Toolboxes\Data Management Tools.tbx\CalculateField" Date="20180222" Time="170212">CalculateField d505wipx_pXRF_analyses La_ppm [La_ppm_1] VB #</Process><Process ToolSource="c:\program files (x86)\arcgis\desktop10.5\ArcToolbox\Toolboxes\Data Management Tools.tbx\CalculateField" Date="20180222" Time="170240">CalculateField d505wipx_pXRF_analyses Ce_ppm_1 [Ce_ppm] VB #</Process><Process ToolSource="c:\program files (x86)\arcgis\desktop10.5\ArcToolbox\Toolboxes\Data Management Tools.tbx\CalculateField" Date="20180222" Time="170305">CalculateField d505wipx_pXRF_analyses Ce_ppm [Ce_ppm_1] VB #</Process><Process ToolSource="c:\program files (x86)\arcgis\desktop10.5\ArcToolbox\Toolboxes\Data Management Tools.tbx\CalculateField" Date="20180222" Time="170331">CalculateField d505wipx_pXRF_analyses Pr_ppm_1 [Pr_ppm] VB #</Process><Process ToolSource="c:\program files (x86)\arcgis\desktop10.5\ArcToolbox\Toolboxes\Data Management Tools.tbx\CalculateField" Date="20180222" Time="170402">CalculateField d505wipx_pXRF_analyses Pr_ppm [Pr_ppm_1] VB #</Process><Process ToolSource="c:\program files (x86)\arcgis\desktop10.5\ArcToolbox\Toolboxes\Data Management Tools.tbx\CalculateField" Date="20180222" Time="170428">CalculateField d505wipx_pXRF_analyses Nd_ppm_1 [Nd_ppm] VB #</Process><Process ToolSource="c:\program files (x86)\arcgis\desktop10.5\ArcToolbox\Toolboxes\Data Management Tools.tbx\CalculateField" Date="20180222" Time="170453">CalculateField d505wipx_pXRF_analyses Nd_ppm [Nd_ppm_1] VB #</Process><Process ToolSource="c:\program files (x86)\arcgis\desktop10.5\ArcToolbox\Toolboxes\Data Management Tools.tbx\CalculateField" Date="20180222" Time="170515">CalculateField d505wipx_pXRF_analyses Nd_ppm [Nd_ppm_1] VB #</Process><Process ToolSource="c:\program files (x86)\arcgis\desktop10.5\ArcToolbox\Toolboxes\Data Management Tools.tbx\CalculateField" Date="20180222" Time="170543">CalculateField d505wipx_pXRF_analyses Sm_ppm_1 [Sm_ppm] VB #</Process><Process ToolSource="c:\program files (x86)\arcgis\desktop10.5\ArcToolbox\Toolboxes\Data Management Tools.tbx\CalculateField" Date="20180222" Time="170615">CalculateField d505wipx_pXRF_analyses Sm_ppm [Sm_ppm_1] VB #</Process><Process ToolSource="c:\program files (x86)\arcgis\desktop10.5\ArcToolbox\Toolboxes\Data Management Tools.tbx\CalculateField" Date="20180222" Time="170640">CalculateField d505wipx_pXRF_analyses W_ppm_1 [W_ppm] VB #</Process><Process ToolSource="c:\program files (x86)\arcgis\desktop10.5\ArcToolbox\Toolboxes\Data Management Tools.tbx\CalculateField" Date="20180222" Time="170705">CalculateField d505wipx_pXRF_analyses W_ppm [W_ppm_1] VB #</Process><Process ToolSource="c:\program files (x86)\arcgis\desktop10.5\ArcToolbox\Toolboxes\Data Management Tools.tbx\CalculateField" Date="20180222" Time="170732">CalculateField d505wipx_pXRF_analyses Hg_ppm_1 [Hg_ppm] VB #</Process><Process ToolSource="c:\program files (x86)\arcgis\desktop10.5\ArcToolbox\Toolboxes\Data Management Tools.tbx\CalculateField" Date="20180222" Time="170801">CalculateField d505wipx_pXRF_analyses Hg_ppm [Hg_ppm_1] VB #</Process><Process ToolSource="c:\program files (x86)\arcgis\desktop10.5\ArcToolbox\Toolboxes\Data Management Tools.tbx\CalculateField" Date="20180222" Time="170845">CalculateField d505wipx_pXRF_analyses Pb_ppm_1 [Pb_ppm] VB #</Process><Process ToolSource="c:\program files (x86)\arcgis\desktop10.5\ArcToolbox\Toolboxes\Data Management Tools.tbx\CalculateField" Date="20180222" Time="170913">CalculateField d505wipx_pXRF_analyses Pb_ppm [Pb_ppm_1] VB #</Process><Process ToolSource="c:\program files (x86)\arcgis\desktop10.5\ArcToolbox\Toolboxes\Data Management Tools.tbx\CalculateField" Date="20180222" Time="170938">CalculateField d505wipx_pXRF_analyses Bi_ppm_1 [Bi_ppm] VB #</Process><Process ToolSource="c:\program files (x86)\arcgis\desktop10.5\ArcToolbox\Toolboxes\Data Management Tools.tbx\CalculateField" Date="20180222" Time="171004">CalculateField d505wipx_pXRF_analyses Bi_ppm [Bi_ppm_1] VB #</Process><Process ToolSource="c:\program files (x86)\arcgis\desktop10.5\ArcToolbox\Toolboxes\Data Management Tools.tbx\CalculateField" Date="20180222" Time="171030">CalculateField d505wipx_pXRF_analyses Th_ppm_1 [Th_ppm] VB #</Process><Process ToolSource="c:\program files (x86)\arcgis\desktop10.5\ArcToolbox\Toolboxes\Data Management Tools.tbx\CalculateField" Date="20180222" Time="171055">CalculateField d505wipx_pXRF_analyses Th_ppm [Th_ppm_1] VB #</Process><Process ToolSource="c:\program files (x86)\arcgis\desktop10.5\ArcToolbox\Toolboxes\Data Management Tools.tbx\CalculateField" Date="20180222" Time="171120">CalculateField d505wipx_pXRF_analyses U_ppm_1 [U_ppm] VB #</Process><Process ToolSource="c:\program files (x86)\arcgis\desktop10.5\ArcToolbox\Toolboxes\Data Management Tools.tbx\CalculateField" Date="20180222" Time="171146">CalculateField d505wipx_pXRF_analyses U_ppm [U_ppm_1] VB #</Process><Process ToolSource="c:\program files (x86)\arcgis\desktop10.5\ArcToolbox\Toolboxes\Data Management Tools.tbx\CalculateField" Date="20180222" Time="171244">CalculateField d505wipx_pXRF_analyses Zr_TiO2_1 [Zr_TiO2] VB #</Process><Process ToolSource="c:\program files (x86)\arcgis\desktop10.5\ArcToolbox\Toolboxes\Data Management Tools.tbx\CalculateField" Date="20180222" Time="171312">CalculateField d505wipx_pXRF_analyses Zr_TiO2 [Zr_TiO2_1] VB #</Process><Process ToolSource="c:\program files (x86)\arcgis\desktop10.5\ArcToolbox\Toolboxes\Data Management Tools.tbx\CalculateField" Date="20180222" Time="171336">CalculateField d505wipx_pXRF_analyses Nb_Y_1 [Nb_Y] VB #</Process><Process ToolSource="c:\program files (x86)\arcgis\desktop10.5\ArcToolbox\Toolboxes\Data Management Tools.tbx\CalculateField" Date="20180222" Time="171403">CalculateField d505wipx_pXRF_analyses Nb_Y [Nb_Y_1] VB #</Process><Process ToolSource="c:\program files (x86)\arcgis\desktop10.5\ArcToolbox\Toolboxes\Data Management Tools.tbx\CalculateField" Date="20180223" Time="093224">CalculateField d505wipx_pXRF_analyses dataset_id_1 [dataset_id] VB #</Process><Process ToolSource="c:\program files (x86)\arcgis\desktop10.5\ArcToolbox\Toolboxes\Data Management Tools.tbx\CalculateField" Date="20180223" Time="093256">CalculateField d505wipx_pXRF_analyses dataset_id [dataset_id_1] VB #</Process><Process ToolSource="c:\program files (x86)\arcgis\desktop10.5\ArcToolbox\Toolboxes\Data Management Tools.tbx\CalculateField" Date="20180223" Time="093334">CalculateField d505wipx_pXRF_analyses theme_id_1 [theme_id] VB #</Process><Process ToolSource="c:\program files (x86)\arcgis\desktop10.5\ArcToolbox\Toolboxes\Data Management Tools.tbx\CalculateField" Date="20180223" Time="093409">CalculateField d505wipx_pXRF_analyses theme_id [theme_id_1] VB #</Process><Process ToolSource="c:\program files (x86)\arcgis\desktop10.5\ArcToolbox\Toolboxes\Data Management Tools.tbx\CalculateField" Date="20180223" Time="093824">CalculateField d505wipx_pXRF_analyses geologist_1 [geologist] VB #</Process><Process ToolSource="c:\program files (x86)\arcgis\desktop10.5\ArcToolbox\Toolboxes\Data Management Tools.tbx\CalculateField" Date="20180223" Time="093857">CalculateField d505wipx_pXRF_analyses geologist [geologist_1] VB #</Process><Process ToolSource="c:\program files (x86)\arcgis\desktop10.5\ArcToolbox\Toolboxes\Data Management Tools.tbx\CalculateField" Date="20180223" Time="093945">CalculateField d505wipx_pXRF_analyses source_id 10949 VB #</Process><Process ToolSource="c:\program files (x86)\arcgis\desktop10.5\ArcToolbox\Toolboxes\Data Management Tools.tbx\CalculateField" Date="20180223" Time="094040">CalculateField d505wipx_pXRF_analyses gcode_1 [gcode] VB #</Process><Process ToolSource="c:\program files (x86)\arcgis\desktop10.5\ArcToolbox\Toolboxes\Data Management Tools.tbx\CalculateField" Date="20180223" Time="094115">CalculateField d505wipx_pXRF_analyses gcode [gcode_1] VB #</Process><Process ToolSource="c:\program files (x86)\arcgis\desktop10.5\ArcToolbox\Toolboxes\Data Management Tools.tbx\CalculateField" Date="20180223" Time="094149">CalculateField d505wipx_pXRF_analyses gcode_desc_1 [gcode_desc] VB #</Process><Process ToolSource="c:\program files (x86)\arcgis\desktop10.5\ArcToolbox\Toolboxes\Data Management Tools.tbx\CalculateField" Date="20180223" Time="094225">CalculateField d505wipx_pXRF_analyses gcode_desc [gcode_desc_1] VB #</Process><Process ToolSource="c:\program files (x86)\arcgis\desktop10.5\ArcToolbox\Toolboxes\Data Management Tools.tbx\CalculateField" Date="20180223" Time="094334">CalculateField d505wipx_pXRF_analyses geo_id autoIncrement() PYTHON_9.3 "rec=0 \ndef autoIncrement(): \n global rec \n pStart = 1  \n pInterval = 1 \n if (rec == 0):  \n  rec = pStart  \n else:  \n  rec += pInterval  \n return rec"</Process><Process ToolSource="c:\program files (x86)\arcgis\desktop10.5\ArcToolbox\Toolboxes\Data Management Tools.tbx\CalculateField" Date="20180223" Time="094458">CalculateField d505wipx_pXRF_analyses geo_num "[dataset_id] &amp; [theme_id] &amp; "-" &amp; [geo_id]" VB #</Process><Process ToolSource="c:\program files (x86)\arcgis\desktop10.5\ArcToolbox\Toolboxes\Data Management Tools.tbx\CalculateField" Date="20180223" Time="094541">CalculateField d505wipx_pXRF_analyses hotlink "none" VB #</Process><Process ToolSource="c:\program files (x86)\arcgis\desktop10.5\ArcToolbox\Toolboxes\Data Management Tools.tbx\CalculateField" Date="20180223" Time="094654">CalculateField d505wipx_pXRF_analyses Ni_Th_Calb [Ni_Th_Calibration] VB #</Process></lineage><itemProps><itemLocation><linkage Sync="TRUE">file://\\filesrv1.prov.gov.ns.ca\shr-dnrgmbt\development_work\cobequids\warwick_mtn\d505wi_Warwick_Mtn_Litho_Geochem\shp\d505wipx_pXRF_analyses\d505wipx_pXRF_analyses.shp</linkage><protocol Sync="TRUE">Local Area Network</protocol></itemLocation><itemName Sync="TRUE">d505wipx_pXRF_analyses</itemName><imsContentType Sync="TRUE">002</imsContentType><itemSize Sync="TRUE">0.000</itemSize></itemProps><coordRef><type Sync="TRUE">Projected</type><geogcsn Sync="TRUE">GCS_North_American_1983_CSRS</geogcsn><csUnits Sync="TRUE">Linear Unit: Meter (1.000000)</csUnits><projcsn Sync="TRUE">NAD_1983_CSRS_UTM_Zone_20N</projcsn><peXml Sync="TRUE">&lt;ProjectedCoordinateSystem xsi:type='typens:ProjectedCoordinateSystem' xmlns:xsi='http://www.w3.org/2001/XMLSchema-instance' xmlns:xs='http://www.w3.org/2001/XMLSchema' xmlns:typens='http://www.esri.com/schemas/ArcGIS/10.1'&gt;&lt;WKT&gt;PROJCS[&amp;quot;NAD_1983_CSRS_UTM_Zone_20N&amp;quot;,GEOGCS[&amp;quot;GCS_North_American_1983_CSRS&amp;quot;,DATUM[&amp;quot;D_North_American_1983_CSRS&amp;quot;,SPHEROID[&amp;quot;GRS_1980&amp;quot;,6378137.0,298.257222101]],PRIMEM[&amp;quot;Greenwich&amp;quot;,0.0],UNIT[&amp;quot;Degree&amp;quot;,0.0174532925199433]],PROJECTION[&amp;quot;Transverse_Mercator&amp;quot;],PARAMETER[&amp;quot;False_Easting&amp;quot;,500000.0],PARAMETER[&amp;quot;False_Northing&amp;quot;,0.0],PARAMETER[&amp;quot;Central_Meridian&amp;quot;,-63.0],PARAMETER[&amp;quot;Scale_Factor&amp;quot;,0.9996],PARAMETER[&amp;quot;Latitude_Of_Origin&amp;quot;,0.0],UNIT[&amp;quot;Meter&amp;quot;,1.0],AUTHORITY[&amp;quot;EPSG&amp;quot;,2961]]&lt;/WKT&gt;&lt;XOrigin&gt;-5120900&lt;/XOrigin&gt;&lt;YOrigin&gt;-9998100&lt;/YOrigin&gt;&lt;XYScale&gt;450445547.3910538&lt;/XYScale&gt;&lt;ZOrigin&gt;-100000&lt;/ZOrigin&gt;&lt;ZScale&gt;10000&lt;/ZScale&gt;&lt;MOrigin&gt;-100000&lt;/MOrigin&gt;&lt;MScale&gt;10000&lt;/MScale&gt;&lt;XYTolerance&gt;0.001&lt;/XYTolerance&gt;&lt;ZTolerance&gt;0.001&lt;/ZTolerance&gt;&lt;MTolerance&gt;0.001&lt;/MTolerance&gt;&lt;HighPrecision&gt;true&lt;/HighPrecision&gt;&lt;WKID&gt;2038&lt;/WKID&gt;&lt;LatestWKID&gt;2961&lt;/LatestWKID&gt;&lt;/ProjectedCoordinateSystem&gt;</peXml></coordRef></DataProperties><SyncDate>20180227</SyncDate><SyncTime>16392000</SyncTime><ModDate>20180227</ModDate><ModTime>16392000</ModTime></Esri><dataIdInfo><envirDesc Sync="TRUE">Microsoft Windows 7 Version 6.1 (Build 7601) Service Pack 1; Esri ArcGIS 10.2.0.3348</envirDesc><dataLang><languageCode value="eng" Sync="TRUE"></languageCode><countryCode value="USA" Sync="TRUE"></countryCode></dataLang><idCitation><resTitle Sync="TRUE">d505wipx_pXRF_analyses</resTitle><presForm><PresFormCd value="005" Sync="TRUE"></PresFormCd></presForm></idCitation><spatRpType><SpatRepTypCd value="001" Sync="TRUE"></SpatRepTypCd></spatRpType></dataIdInfo><mdLang><languageCode value="eng" Sync="TRUE"></languageCode><countryCode value="USA" Sync="TRUE"></countryCode></mdLang><distInfo><distFormat><formatName Sync="TRUE">Shapefile</formatName></distFormat><distTranOps><transSize Sync="TRUE">0.000</transSize></distTranOps></distInfo><mdHrLv><ScopeCd value="005" Sync="TRUE"></ScopeCd></mdHrLv><mdHrLvName Sync="TRUE">dataset</mdHrLvName><refSysInfo><RefSystem><refSysID><identCode code="2961" Sync="TRUE"></identCode><idCodeSpace Sync="TRUE">EPSG</idCodeSpace><idVersion Sync="TRUE">8.1.1</idVersion></refSysID></RefSystem></refSysInfo><spatRepInfo><VectSpatRep><geometObjs Name="d505wipx_pXRF_analyses"><geoObjTyp><GeoObjTypCd value="004" Sync="TRUE"></GeoObjTypCd></geoObjTyp><geoObjCnt Sync="TRUE">0</geoObjCnt></geometObjs><topLvl><TopoLevCd value="001" Sync="TRUE"></TopoLevCd></topLvl></VectSpatRep></spatRepInfo><spdoinfo><ptvctinf><esriterm Name="d505wipx_pXRF_analyses"><efeatyp Sync="TRUE">Simple</efeatyp><efeageom code="1" Sync="TRUE"></efeageom><esritopo Sync="TRUE">FALSE</esritopo><efeacnt Sync="TRUE">0</efeacnt><spindex Sync="TRUE">FALSE</spindex><linrefer Sync="TRUE">FALSE</linrefer></esriterm></ptvctinf></spdoinfo><eainfo><detailed Name="d505wipx_pXRF_analyses"><enttyp><enttypl Sync="TRUE">d505wipx_pXRF_analyses</enttypl><enttypt Sync="TRUE">Feature Class</enttypt><enttypc Sync="TRUE">0</enttypc></enttyp><attr><attrlabl Sync="TRUE">FID</attrlabl><attalias Sync="TRUE">FID</attalias><attrtype Sync="TRUE">OID</attrtype><attwidth Sync="TRUE">4</attwidth><atprecis Sync="TRUE">0</atprecis><attscale Sync="TRUE">0</attscale><attrdef Sync="TRUE">Internal feature number.</attrdef><attrdefs Sync="TRUE">Esri</attrdefs><attrdomv><udom Sync="TRUE">Sequential unique whole numbers that are automatically generated.</udom></attrdomv></attr><attr><attrlabl Sync="TRUE">Shape</attrlabl><attalias Sync="TRUE">Shape</attalias><attrtype Sync="TRUE">Geometry</attrtype><attwidth Sync="TRUE">0</attwidth><atprecis Sync="TRUE">0</atprecis><attscale Sync="TRUE">0</attscale><attrdef Sync="TRUE">Feature geometry.</attrdef><attrdefs Sync="TRUE">Esri</attrdefs><attrdomv><udom Sync="TRUE">Coordinates defining the features.</udom></attrdomv></attr><attr><attrlabl Sync="TRUE">stati_num</attrlabl><attalias Sync="TRUE">stati_num</attalias><attrtype Sync="TRUE">String</attrtype><attwidth Sync="TRUE">16</attwidth><atprecis Sync="TRUE">0</atprecis><attscale Sync="TRUE">0</attscale></attr><attr><attrlabl Sync="TRUE">Run_Count</attrlabl><attalias Sync="TRUE">run_count</attalias><attrtype Sync="TRUE">Integer</attrtype><attwidth Sync="TRUE">9</attwidth><atprecis Sync="TRUE">9</atprecis><attscale Sync="TRUE">0</attscale></attr><attr><attrlabl Sync="TRUE">E_u83z20_m</attrlabl><attalias Sync="TRUE">E_u83z20_m</attalias><attrtype Sync="TRUE">Double</attrtype><attwidth Sync="TRUE">19</attwidth><atprecis Sync="TRUE">0</atprecis><attscale Sync="TRUE">0</attscale></attr><attr><attrlabl Sync="TRUE">N_u83z20_m</attrlabl><attalias Sync="TRUE">N_u83z20_m</attalias><attrtype Sync="TRUE">Double</attrtype><attwidth Sync="TRUE">19</attwidth><atprecis Sync="TRUE">0</atprecis><attscale Sync="TRUE">0</attscale></attr><attr><attrlabl Sync="TRUE">Sample_No</attrlabl><attalias Sync="TRUE">Sample_No</attalias><attrtype Sync="TRUE">String</attrtype><attwidth Sync="TRUE">32</attwidth><atprecis Sync="TRUE">0</atprecis><attscale Sync="TRUE">0</attscale></attr><attr><attrlabl Sync="TRUE">LON_dd</attrlabl><attalias Sync="TRUE">LON_dd</attalias><attrtype Sync="TRUE">Double</attrtype><attwidth Sync="TRUE">19</attwidth><atprecis Sync="TRUE">0</atprecis><attscale Sync="TRUE">0</attscale></attr><attr><attrlabl Sync="TRUE">S_ppm</attrlabl><attalias Sync="TRUE">S_ppm</attalias><attrtype Sync="TRUE">Double</attrtype><attwidth Sync="TRUE">19</attwidth><atprecis Sync="TRUE">0</atprecis><attscale Sync="TRUE">0</attscale></attr><attr><attrlabl Sync="TRUE">src_excel</attrlabl><attalias Sync="TRUE">src_excel</attalias><attrtype Sync="TRUE">String</attrtype><attwidth Sync="TRUE">254</attwidth><atprecis Sync="TRUE">0</atprecis><attscale Sync="TRUE">0</attscale></attr><attr><attrlabl Sync="TRUE">K_ppm</attrlabl><attalias Sync="TRUE">K_ppm</attalias><attrtype Sync="TRUE">Double</attrtype><attwidth Sync="TRUE">19</attwidth><atprecis Sync="TRUE">0</atprecis><attscale Sync="TRUE">0</attscale></attr><attr><attrlabl Sync="TRUE">time_min</attrlabl><attalias Sync="TRUE">time_min</attalias><attrtype Sync="TRUE">Double</attrtype><attwidth Sync="TRUE">19</attwidth><atprecis Sync="TRUE">0</atprecis><attscale Sync="TRUE">0</attscale></attr><attr><attrlabl Sync="TRUE">Ca_ppm</attrlabl><attalias Sync="TRUE">Ca_ppm</attalias><attrtype Sync="TRUE">Double</attrtype><attwidth Sync="TRUE">19</attwidth><atprecis Sync="TRUE">0</atprecis><attscale Sync="TRUE">0</attscale></attr><attr><attrlabl Sync="TRUE">Ti_ppm</attrlabl><attalias Sync="TRUE">Ti_ppm</attalias><attrtype Sync="TRUE">Double</attrtype><attwidth Sync="TRUE">19</attwidth><atprecis Sync="TRUE">0</atprecis><attscale Sync="TRUE">0</attscale></attr><attr><attrlabl Sync="TRUE">V_ppm</attrlabl><attalias Sync="TRUE">V_ppm</attalias><attrtype Sync="TRUE">Double</attrtype><attwidth Sync="TRUE">19</attwidth><atprecis Sync="TRUE">0</atprecis><attscale Sync="TRUE">0</attscale></attr><attr><attrlabl Sync="TRUE">Cr_ppm</attrlabl><attalias Sync="TRUE">Cr_ppm</attalias><attrtype Sync="TRUE">Double</attrtype><attwidth Sync="TRUE">19</attwidth><atprecis Sync="TRUE">0</atprecis><attscale Sync="TRUE">0</attscale></attr><attr><attrlabl Sync="TRUE">Mn_ppm</attrlabl><attalias Sync="TRUE">Mn_ppm</attalias><attrtype Sync="TRUE">Double</attrtype><attwidth Sync="TRUE">19</attwidth><atprecis Sync="TRUE">0</atprecis><attscale Sync="TRUE">0</attscale></attr><attr><attrlabl Sync="TRUE">Fe_ppm</attrlabl><attalias Sync="TRUE">Fe_ppm</attalias><attrtype Sync="TRUE">Double</attrtype><attwidth Sync="TRUE">19</attwidth><atprecis Sync="TRUE">0</atprecis><attscale Sync="TRUE">0</attscale></attr><attr><attrlabl Sync="TRUE">Ni_ppm</attrlabl><attalias Sync="TRUE">Ni_ppm</attalias><attrtype Sync="TRUE">Double</attrtype><attwidth Sync="TRUE">19</attwidth><atprecis Sync="TRUE">0</atprecis><attscale Sync="TRUE">0</attscale></attr><attr><attrlabl Sync="TRUE">Cu_ppm</attrlabl><attalias Sync="TRUE">Cu_ppm</attalias><attrtype Sync="TRUE">Double</attrtype><attwidth Sync="TRUE">19</attwidth><atprecis Sync="TRUE">0</atprecis><attscale Sync="TRUE">0</attscale></attr><attr><attrlabl Sync="TRUE">Zn_ppm</attrlabl><attalias Sync="TRUE">Zn_ppm</attalias><attrtype Sync="TRUE">Double</attrtype><attwidth Sync="TRUE">19</attwidth><atprecis Sync="TRUE">0</atprecis><attscale Sync="TRUE">0</attscale></attr><attr><attrlabl Sync="TRUE">As_ppm</attrlabl><attalias Sync="TRUE">As_ppm</attalias><attrtype Sync="TRUE">Double</attrtype><attwidth Sync="TRUE">19</attwidth><atprecis Sync="TRUE">0</atprecis><attscale Sync="TRUE">0</attscale></attr><attr><attrlabl Sync="TRUE">Se_ppm</attrlabl><attalias Sync="TRUE">Se_ppm</attalias><attrtype Sync="TRUE">Double</attrtype><attwidth Sync="TRUE">19</attwidth><atprecis Sync="TRUE">0</atprecis><attscale Sync="TRUE">0</attscale></attr><attr><attrlabl Sync="TRUE">Rb_ppm</attrlabl><attalias Sync="TRUE">Rb_ppm</attalias><attrtype Sync="TRUE">Double</attrtype><attwidth Sync="TRUE">19</attwidth><atprecis Sync="TRUE">0</atprecis><attscale Sync="TRUE">0</attscale></attr><attr><attrlabl Sync="TRUE">Sr_ppm</attrlabl><attalias Sync="TRUE">Sr_ppm</attalias><attrtype Sync="TRUE">Double</attrtype><attwidth Sync="TRUE">19</attwidth><atprecis Sync="TRUE">0</atprecis><attscale Sync="TRUE">0</attscale></attr><attr><attrlabl Sync="TRUE">Y_ppm</attrlabl><attalias Sync="TRUE">Y_ppm</attalias><attrtype Sync="TRUE">Double</attrtype><attwidth Sync="TRUE">19</attwidth><atprecis Sync="TRUE">0</atprecis><attscale Sync="TRUE">0</attscale></attr><attr><attrlabl Sync="TRUE">Zr_ppm</attrlabl><attalias Sync="TRUE">Zr_ppm</attalias><attrtype Sync="TRUE">Double</attrtype><attwidth Sync="TRUE">19</attwidth><atprecis Sync="TRUE">0</atprecis><attscale Sync="TRUE">0</attscale></attr><attr><attrlabl Sync="TRUE">Nb_ppm</attrlabl><attalias Sync="TRUE">Nb_ppm</attalias><attrtype Sync="TRUE">Double</attrtype><attwidth Sync="TRUE">19</attwidth><atprecis Sync="TRUE">0</atprecis><attscale Sync="TRUE">0</attscale></attr><attr><attrlabl Sync="TRUE">Mo_ppm</attrlabl><attalias Sync="TRUE">Mo_ppm</attalias><attrtype Sync="TRUE">Double</attrtype><attwidth Sync="TRUE">19</attwidth><atprecis Sync="TRUE">0</atprecis><attscale Sync="TRUE">0</attscale></attr><attr><attrlabl Sync="TRUE">Cd_ppm</attrlabl><attalias Sync="TRUE">Cd_ppm</attalias><attrtype Sync="TRUE">Double</attrtype><attwidth Sync="TRUE">19</attwidth><atprecis Sync="TRUE">0</atprecis><attscale Sync="TRUE">0</attscale></attr><attr><attrlabl Sync="TRUE">Sn_ppm</attrlabl><attalias Sync="TRUE">Sn_ppm</attalias><attrtype Sync="TRUE">Double</attrtype><attwidth Sync="TRUE">19</attwidth><atprecis Sync="TRUE">0</atprecis><attscale Sync="TRUE">0</attscale></attr><attr><attrlabl Sync="TRUE">Sb_ppm</attrlabl><attalias Sync="TRUE">Sb_ppm</attalias><attrtype Sync="TRUE">Double</attrtype><attwidth Sync="TRUE">19</attwidth><atprecis Sync="TRUE">0</atprecis><attscale Sync="TRUE">0</attscale></attr><attr><attrlabl Sync="TRUE">Ba_ppm</attrlabl><attalias Sync="TRUE">Ba_ppm</attalias><attrtype Sync="TRUE">Double</attrtype><attwidth Sync="TRUE">19</attwidth><atprecis Sync="TRUE">0</atprecis><attscale Sync="TRUE">0</attscale></attr><attr><attrlabl Sync="TRUE">Ce_ppm</attrlabl><attalias Sync="TRUE">Ce_ppm</attalias><attrtype Sync="TRUE">Double</attrtype><attwidth Sync="TRUE">19</attwidth><atprecis Sync="TRUE">0</atprecis><attscale Sync="TRUE">0</attscale></attr><attr><attrlabl Sync="TRUE">W_ppm</attrlabl><attalias Sync="TRUE">W_ppm</attalias><attrtype Sync="TRUE">Double</attrtype><attwidth Sync="TRUE">19</attwidth><atprecis Sync="TRUE">0</atprecis><attscale Sync="TRUE">0</attscale></attr><attr><attrlabl Sync="TRUE">Pb_ppm</attrlabl><attalias Sync="TRUE">Pb_ppm</attalias><attrtype Sync="TRUE">Double</attrtype><attwidth Sync="TRUE">19</attwidth><atprecis Sync="TRUE">0</atprecis><attscale Sync="TRUE">0</attscale></attr><attr><attrlabl Sync="TRUE">Th_ppm</attrlabl><attalias Sync="TRUE">Th_ppm</attalias><attrtype Sync="TRUE">Double</attrtype><attwidth Sync="TRUE">19</attwidth><atprecis Sync="TRUE">0</atprecis><attscale Sync="TRUE">0</attscale></attr><attr><attrlabl Sync="TRUE">U_ppm</attrlabl><attalias Sync="TRUE">U_ppm</attalias><attrtype Sync="TRUE">Double</attrtype><attwidth Sync="TRUE">19</attwidth><atprecis Sync="TRUE">0</atprecis><attscale Sync="TRUE">0</attscale></attr><attr><attrlabl Sync="TRUE">Zr_TiO2</attrlabl><attalias Sync="TRUE">Zr_TiO2</attalias><attrtype Sync="TRUE">Double</attrtype><attwidth Sync="TRUE">19</attwidth><atprecis Sync="TRUE">0</atprecis><attscale Sync="TRUE">0</attscale></attr><attr><attrlabl Sync="TRUE">Nb_Y</attrlabl><attalias Sync="TRUE">Nb_Y</attalias><attrtype Sync="TRUE">Double</attrtype><attwidth Sync="TRUE">19</attwidth><atprecis Sync="TRUE">0</atprecis><attscale Sync="TRUE">0</attscale></attr><attr><attrlabl Sync="TRUE">dataset_id</attrlabl><attalias Sync="TRUE">dataset_id</attalias><attrtype Sync="TRUE">String</attrtype><attwidth Sync="TRUE">8</attwidth><atprecis Sync="TRUE">0</atprecis><attscale Sync="TRUE">0</attscale></attr><attr><attrlabl Sync="TRUE">theme_id</attrlabl><attalias Sync="TRUE">theme_id</attalias><attrtype Sync="TRUE">String</attrtype><attwidth Sync="TRUE">8</attwidth><atprecis Sync="TRUE">0</atprecis><attscale Sync="TRUE">0</attscale></attr><attr><attrlabl Sync="TRUE">geologist</attrlabl><attalias Sync="TRUE">geologist</attalias><attrtype Sync="TRUE">String</attrtype><attwidth Sync="TRUE">32</attwidth><atprecis Sync="TRUE">0</atprecis><attscale Sync="TRUE">0</attscale></attr><attr><attrlabl Sync="TRUE">source_id</attrlabl><attalias Sync="TRUE">source_id</attalias><attrtype Sync="TRUE">Integer</attrtype><attwidth Sync="TRUE">9</attwidth><atprecis Sync="TRUE">9</atprecis><attscale Sync="TRUE">0</attscale></attr><attr><attrlabl Sync="TRUE">gcode</attrlabl><attalias Sync="TRUE">gcode</attalias><attrtype Sync="TRUE">String</attrtype><attwidth Sync="TRUE">32</attwidth><atprecis Sync="TRUE">0</atprecis><attscale Sync="TRUE">0</attscale></attr><attr><attrlabl Sync="TRUE">gcode_desc</attrlabl><attalias Sync="TRUE">gcode_desc</attalias><attrtype Sync="TRUE">String</attrtype><attwidth Sync="TRUE">96</attwidth><atprecis Sync="TRUE">0</atprecis><attscale Sync="TRUE">0</attscale></attr><attr><attrlabl Sync="TRUE">geo_id</attrlabl><attalias Sync="TRUE">geo_id</attalias><attrtype Sync="TRUE">Integer</attrtype><attwidth Sync="TRUE">9</attwidth><atprecis Sync="TRUE">9</atprecis><attscale Sync="TRUE">0</attscale></attr><attr><attrlabl Sync="TRUE">hotlink</attrlabl><attalias Sync="TRUE">hotlink</attalias><attrtype Sync="TRUE">String</attrtype><attwidth Sync="TRUE">254</attwidth><atprecis Sync="TRUE">0</atprecis><attscale Sync="TRUE">0</attscale></attr><attr><attrlabl Sync="TRUE">lat_dd</attrlabl><attalias Sync="TRUE">LAT_dd</attalias><attrtype Sync="TRUE">Double</attrtype><attwidth Sync="TRUE">19</attwidth><atprecis Sync="TRUE">0</atprecis><attscale Sync="TRUE">0</attscale></attr><attr><attrlabl Sync="TRUE">geo_num</attrlabl><attalias Sync="TRUE">geo_num</attalias><attrtype Sync="TRUE">String</attrtype><attwidth Sync="TRUE">32</attwidth><atprecis Sync="TRUE">0</atprecis><attscale Sync="TRUE">0</attscale></attr><attr><attrlabl Sync="TRUE">method</attrlabl><attalias Sync="TRUE">Method</attalias><attrtype Sync="TRUE">String</attrtype><attwidth Sync="TRUE">32</attwidth><atprecis Sync="TRUE">0</atprecis><attscale Sync="TRUE">0</attscale></attr><attr><attrlabl Sync="TRUE">Ni_Th_Calb</attrlabl><attalias Sync="TRUE">Ni_Th_Calb</attalias><attrtype Sync="TRUE">String</attrtype><attwidth Sync="TRUE">25</attwidth><atprecis Sync="TRUE">0</atprecis><attscale Sync="TRUE">0</attscale></attr></detailed></eainfo><mdDateSt Sync="TRUE">20180227</mdDateSt></metadata>
