<metadata xml:lang="en"><Esri><CreaDate>20180221</CreaDate><CreaTime>09471600</CreaTime><ArcGISFormat>1.0</ArcGISFormat><SyncOnce>FALSE</SyncOnce><DataProperties><lineage><Process ToolSource="c:\program files (x86)\arcgis\desktop10.5\ArcToolbox\Toolboxes\Data Management Tools.tbx\AddField" Date="20180208" Time="093029">AddField T:\development_work\cobequids\Trevor_Bedrock_Geology\courtney\!cm_working\d504wi_warwick_mtn_litho_geochem.gdb\d504wi_lithogeochem_analyses dataset_id TEXT # # 8 # NULLABLE NON_REQUIRED #</Process><Process ToolSource="c:\program files (x86)\arcgis\desktop10.5\ArcToolbox\Toolboxes\Data Management Tools.tbx\AddField" Date="20180208" Time="093033">AddField T:\development_work\cobequids\Trevor_Bedrock_Geology\courtney\!cm_working\d504wi_warwick_mtn_litho_geochem.gdb\d504wi_lithogeochem_analyses theme_id TEXT # # 8 # NULLABLE NON_REQUIRED #</Process><Process ToolSource="c:\program files (x86)\arcgis\desktop10.5\ArcToolbox\Toolboxes\Data Management Tools.tbx\AddField" Date="20180208" Time="093036">AddField T:\development_work\cobequids\Trevor_Bedrock_Geology\courtney\!cm_working\d504wi_warwick_mtn_litho_geochem.gdb\d504wi_lithogeochem_analyses geologist TEXT # # 32 # NULLABLE NON_REQUIRED #</Process><Process ToolSource="c:\program files (x86)\arcgis\desktop10.5\ArcToolbox\Toolboxes\Data Management Tools.tbx\AddField" Date="20180208" Time="093039">AddField T:\development_work\cobequids\Trevor_Bedrock_Geology\courtney\!cm_working\d504wi_warwick_mtn_litho_geochem.gdb\d504wi_lithogeochem_analyses source_id LONG # # # # NULLABLE NON_REQUIRED #</Process><Process ToolSource="c:\program files (x86)\arcgis\desktop10.5\ArcToolbox\Toolboxes\Data Management Tools.tbx\AddField" Date="20180208" Time="093043">AddField T:\development_work\cobequids\Trevor_Bedrock_Geology\courtney\!cm_working\d504wi_warwick_mtn_litho_geochem.gdb\d504wi_lithogeochem_analyses gcode TEXT # # 32 # NULLABLE NON_REQUIRED #</Process><Process ToolSource="c:\program files (x86)\arcgis\desktop10.5\ArcToolbox\Toolboxes\Data Management Tools.tbx\AddField" Date="20180208" Time="093046">AddField T:\development_work\cobequids\Trevor_Bedrock_Geology\courtney\!cm_working\d504wi_warwick_mtn_litho_geochem.gdb\d504wi_lithogeochem_analyses gcode_desc TEXT # # 96 # NULLABLE NON_REQUIRED #</Process><Process ToolSource="c:\program files (x86)\arcgis\desktop10.5\ArcToolbox\Toolboxes\Data Management Tools.tbx\AddField" Date="20180208" Time="093050">AddField T:\development_work\cobequids\Trevor_Bedrock_Geology\courtney\!cm_working\d504wi_warwick_mtn_litho_geochem.gdb\d504wi_lithogeochem_analyses geo_id LONG # # # # NULLABLE NON_REQUIRED #</Process><Process ToolSource="c:\program files (x86)\arcgis\desktop10.5\ArcToolbox\Toolboxes\Data Management Tools.tbx\AddField" Date="20180208" Time="093053">AddField T:\development_work\cobequids\Trevor_Bedrock_Geology\courtney\!cm_working\d504wi_warwick_mtn_litho_geochem.gdb\d504wi_lithogeochem_analyses hotlink TEXT # # 254 # NULLABLE NON_REQUIRED #</Process><Process ToolSource="c:\program files (x86)\arcgis\desktop10.5\ArcToolbox\Toolboxes\Data Management Tools.tbx\AddField" Date="20180208" Time="093056">AddField T:\development_work\cobequids\Trevor_Bedrock_Geology\courtney\!cm_working\d504wi_warwick_mtn_litho_geochem.gdb\d504wi_lithogeochem_analyses notes TEXT # # 254 # NULLABLE NON_REQUIRED #</Process><Process ToolSource="c:\program files (x86)\arcgis\desktop10.5\ArcToolbox\Toolboxes\Data Management Tools.tbx\AddField" Date="20180208" Time="093100">AddField T:\development_work\cobequids\Trevor_Bedrock_Geology\courtney\!cm_working\d504wi_warwick_mtn_litho_geochem.gdb\d504wi_lithogeochem_analyses lat_dd DOUBLE # # # # NULLABLE NON_REQUIRED #</Process><Process ToolSource="c:\program files (x86)\arcgis\desktop10.5\ArcToolbox\Toolboxes\Data Management Tools.tbx\AddField" Date="20180208" Time="093104">AddField T:\development_work\cobequids\Trevor_Bedrock_Geology\courtney\!cm_working\d504wi_warwick_mtn_litho_geochem.gdb\d504wi_lithogeochem_analyses long_dd DOUBLE # # # # NULLABLE NON_REQUIRED #</Process><Process ToolSource="c:\program files (x86)\arcgis\desktop10.5\ArcToolbox\Toolboxes\Data Management Tools.tbx\CalculateField" Date="20180208" Time="093109">CalculateField T:\development_work\cobequids\Trevor_Bedrock_Geology\courtney\!cm_working\d504wi_warwick_mtn_litho_geochem.gdb\d504wi_lithogeochem_analyses dataset_id 'd503cc' PYTHON #</Process><Process ToolSource="c:\program files (x86)\arcgis\desktop10.5\ArcToolbox\Toolboxes\Data Management Tools.tbx\AddField" Date="20180208" Time="093113">AddField T:\development_work\cobequids\Trevor_Bedrock_Geology\courtney\!cm_working\d504wi_warwick_mtn_litho_geochem.gdb\d504wi_lithogeochem_analyses method TEXT # # 16 # NULLABLE NON_REQUIRED #</Process><Process ToolSource="c:\program files (x86)\arcgis\desktop10.5\ArcToolbox\Toolboxes\Data Management Tools.tbx\AddField" Date="20180208" Time="093116">AddField T:\development_work\cobequids\Trevor_Bedrock_Geology\courtney\!cm_working\d504wi_warwick_mtn_litho_geochem.gdb\d504wi_lithogeochem_analyses cert_link TEXT # # 128 # NULLABLE NON_REQUIRED #</Process><Process ToolSource="c:\program files (x86)\arcgis\desktop10.5\ArcToolbox\Toolboxes\Data Management Tools.tbx\AddField" Date="20180208" Time="093424">AddField T:\development_work\cobequids\Trevor_Bedrock_Geology\courtney\!cm_working\d504wi_warwick_mtn_litho_geochem.gdb\d504wi_lithogeochem_analyses dataset_id TEXT # # 8 # NULLABLE NON_REQUIRED #</Process><Process ToolSource="c:\program files (x86)\arcgis\desktop10.5\ArcToolbox\Toolboxes\Data Management Tools.tbx\AddField" Date="20180208" Time="093428">AddField T:\development_work\cobequids\Trevor_Bedrock_Geology\courtney\!cm_working\d504wi_warwick_mtn_litho_geochem.gdb\d504wi_lithogeochem_analyses theme_id TEXT # # 8 # NULLABLE NON_REQUIRED #</Process><Process ToolSource="c:\program files (x86)\arcgis\desktop10.5\ArcToolbox\Toolboxes\Data Management Tools.tbx\AddField" Date="20180208" Time="093431">AddField T:\development_work\cobequids\Trevor_Bedrock_Geology\courtney\!cm_working\d504wi_warwick_mtn_litho_geochem.gdb\d504wi_lithogeochem_analyses geologist TEXT # # 32 # NULLABLE NON_REQUIRED #</Process><Process ToolSource="c:\program files (x86)\arcgis\desktop10.5\ArcToolbox\Toolboxes\Data Management Tools.tbx\AddField" Date="20180208" Time="093434">AddField T:\development_work\cobequids\Trevor_Bedrock_Geology\courtney\!cm_working\d504wi_warwick_mtn_litho_geochem.gdb\d504wi_lithogeochem_analyses source_id LONG # # # # NULLABLE NON_REQUIRED #</Process><Process ToolSource="c:\program files (x86)\arcgis\desktop10.5\ArcToolbox\Toolboxes\Data Management Tools.tbx\AddField" Date="20180208" Time="093437">AddField T:\development_work\cobequids\Trevor_Bedrock_Geology\courtney\!cm_working\d504wi_warwick_mtn_litho_geochem.gdb\d504wi_lithogeochem_analyses gcode TEXT # # 32 # NULLABLE NON_REQUIRED #</Process><Process ToolSource="c:\program files (x86)\arcgis\desktop10.5\ArcToolbox\Toolboxes\Data Management Tools.tbx\AddField" Date="20180208" Time="093441">AddField T:\development_work\cobequids\Trevor_Bedrock_Geology\courtney\!cm_working\d504wi_warwick_mtn_litho_geochem.gdb\d504wi_lithogeochem_analyses gcode_desc TEXT # # 96 # NULLABLE NON_REQUIRED #</Process><Process ToolSource="c:\program files (x86)\arcgis\desktop10.5\ArcToolbox\Toolboxes\Data Management Tools.tbx\AddField" Date="20180208" Time="093444">AddField T:\development_work\cobequids\Trevor_Bedrock_Geology\courtney\!cm_working\d504wi_warwick_mtn_litho_geochem.gdb\d504wi_lithogeochem_analyses geo_id LONG # # # # NULLABLE NON_REQUIRED #</Process><Process ToolSource="c:\program files (x86)\arcgis\desktop10.5\ArcToolbox\Toolboxes\Data Management Tools.tbx\AddField" Date="20180208" Time="093447">AddField T:\development_work\cobequids\Trevor_Bedrock_Geology\courtney\!cm_working\d504wi_warwick_mtn_litho_geochem.gdb\d504wi_lithogeochem_analyses hotlink TEXT # # 254 # NULLABLE NON_REQUIRED #</Process><Process ToolSource="c:\program files (x86)\arcgis\desktop10.5\ArcToolbox\Toolboxes\Data Management Tools.tbx\AddField" Date="20180208" Time="093451">AddField T:\development_work\cobequids\Trevor_Bedrock_Geology\courtney\!cm_working\d504wi_warwick_mtn_litho_geochem.gdb\d504wi_lithogeochem_analyses notes TEXT # # 254 # NULLABLE NON_REQUIRED #</Process><Process ToolSource="c:\program files (x86)\arcgis\desktop10.5\ArcToolbox\Toolboxes\Data Management Tools.tbx\AddField" Date="20180208" Time="093454">AddField T:\development_work\cobequids\Trevor_Bedrock_Geology\courtney\!cm_working\d504wi_warwick_mtn_litho_geochem.gdb\d504wi_lithogeochem_analyses lat_dd DOUBLE # # # # NULLABLE NON_REQUIRED #</Process><Process ToolSource="c:\program files (x86)\arcgis\desktop10.5\ArcToolbox\Toolboxes\Data Management Tools.tbx\AddField" Date="20180208" Time="093457">AddField T:\development_work\cobequids\Trevor_Bedrock_Geology\courtney\!cm_working\d504wi_warwick_mtn_litho_geochem.gdb\d504wi_lithogeochem_analyses long_dd DOUBLE # # # # NULLABLE NON_REQUIRED #</Process><Process ToolSource="c:\program files (x86)\arcgis\desktop10.5\ArcToolbox\Toolboxes\Data Management Tools.tbx\AddField" Date="20180208" Time="093500">AddField T:\development_work\cobequids\Trevor_Bedrock_Geology\courtney\!cm_working\d504wi_warwick_mtn_litho_geochem.gdb\d504wi_lithogeochem_analyses method TEXT # # 16 # NULLABLE NON_REQUIRED #</Process><Process ToolSource="c:\program files (x86)\arcgis\desktop10.5\ArcToolbox\Toolboxes\Data Management Tools.tbx\AddField" Date="20180208" Time="093503">AddField T:\development_work\cobequids\Trevor_Bedrock_Geology\courtney\!cm_working\d504wi_warwick_mtn_litho_geochem.gdb\d504wi_lithogeochem_analyses cert_link TEXT # # 128 # NULLABLE NON_REQUIRED #</Process><Process ToolSource="c:\program files (x86)\arcgis\desktop10.5\ArcToolbox\Toolboxes\Data Management Tools.tbx\CalculateField" Date="20180209" Time="082852">CalculateField d505wi_lithogeochem_analyses dataset_id 'd505wi' PYTHON_9.3 #</Process><Process ToolSource="c:\program files (x86)\arcgis\desktop10.5\ArcToolbox\Toolboxes\Data Management Tools.tbx\CalculateField" Date="20180209" Time="142123">CalculateField d505wi_lithogeochem_analyses hotlink 'No_Hotlink' PYTHON_9.3 #</Process><Process ToolSource="c:\program files (x86)\arcgis\desktop10.5\ArcToolbox\Toolboxes\Data Management Tools.tbx\CalculateField" Date="20180209" Time="142204">CalculateField d505wi_lithogeochem_analyses geologist 'TMH' PYTHON_9.3 #</Process><Process Name="Clip" ToolSource="c:\program files (x86)\arcgis\desktop10.5\ArcToolbox\Toolboxes\Analysis Tools.tbx\Clip" Date="20180209" Time="143018">Clip d505wi_lithogeochem_analyses closure_polygon T:\development_work\cobequids\Trevor_Bedrock_Geology\courtney\!cm_working\d504wi_warwick_mtn_litho_geochem.gdb\d505wi_lithogeochem_analyses_clip #</Process><Process ToolSource="c:\program files (x86)\arcgis\desktop10.5\ArcToolbox\Toolboxes\Data Management Tools.tbx\CalculateField" Date="20180222" Time="141700">CalculateField d505wicr_litho_geochemistry stati_num_1 [stati_num] VB #</Process><Process ToolSource="c:\program files (x86)\arcgis\desktop10.5\ArcToolbox\Toolboxes\Data Management Tools.tbx\CalculateField" Date="20180222" Time="141733">CalculateField d505wicr_litho_geochemistry stati_num [stati_num_1] VB #</Process><Process ToolSource="c:\program files (x86)\arcgis\desktop10.5\ArcToolbox\Toolboxes\Data Management Tools.tbx\CalculateField" Date="20180222" Time="141842">CalculateField d505wicr_litho_geochemistry Sample_No_1 [SAMPLE_NO] VB #</Process><Process ToolSource="c:\program files (x86)\arcgis\desktop10.5\ArcToolbox\Toolboxes\Data Management Tools.tbx\CalculateField" Date="20180222" Time="141915">CalculateField d505wicr_litho_geochemistry Sample_No [Sample_No_1] VB #</Process><Process ToolSource="c:\program files (x86)\arcgis\desktop10.5\ArcToolbox\Toolboxes\Data Management Tools.tbx\CalculateField" Date="20180222" Time="142136">CalculateField d505wicr_litho_geochemistry LAT_dd_1 [lat_dd] VB #</Process><Process ToolSource="c:\program files (x86)\arcgis\desktop10.5\ArcToolbox\Toolboxes\Data Management Tools.tbx\CalculateField" Date="20180222" Time="142205">CalculateField d505wicr_litho_geochemistry LAT_dd [LAT_dd_1] VB #</Process><Process ToolSource="c:\program files (x86)\arcgis\desktop10.5\ArcToolbox\Toolboxes\Data Management Tools.tbx\CalculateField" Date="20180222" Time="142231">CalculateField d505wicr_litho_geochemistry LON_dd [long_dd] VB #</Process><Process ToolSource="c:\program files (x86)\arcgis\desktop10.5\ArcToolbox\Toolboxes\Data Management Tools.tbx\CalculateField" Date="20180222" Time="142346">CalculateField d505wicr_litho_geochemistry dataset_id_1 [dataset_id] VB #</Process><Process ToolSource="c:\program files (x86)\arcgis\desktop10.5\ArcToolbox\Toolboxes\Data Management Tools.tbx\CalculateField" Date="20180222" Time="142415">CalculateField d505wicr_litho_geochemistry dataset_id [dataset_id_1] VB #</Process><Process ToolSource="c:\program files (x86)\arcgis\desktop10.5\ArcToolbox\Toolboxes\Data Management Tools.tbx\CalculateField" Date="20180222" Time="142459">CalculateField d505wicr_litho_geochemistry theme_id "cr" VB #</Process><Process ToolSource="c:\program files (x86)\arcgis\desktop10.5\ArcToolbox\Toolboxes\Data Management Tools.tbx\CalculateField" Date="20180222" Time="142606">CalculateField d505wicr_litho_geochemistry geologist_1 [geologist] VB #</Process><Process ToolSource="c:\program files (x86)\arcgis\desktop10.5\ArcToolbox\Toolboxes\Data Management Tools.tbx\CalculateField" Date="20180222" Time="142639">CalculateField d505wicr_litho_geochemistry geologist [geologist_1] VB #</Process><Process ToolSource="c:\program files (x86)\arcgis\desktop10.5\ArcToolbox\Toolboxes\Data Management Tools.tbx\CalculateField" Date="20180222" Time="142828">CalculateField d505wicr_litho_geochemistry source_id 10951 VB #</Process><Process ToolSource="c:\program files (x86)\arcgis\desktop10.5\ArcToolbox\Toolboxes\Data Management Tools.tbx\CalculateField" Date="20180222" Time="143026">CalculateField d505wicr_litho_geochemistry gcode "GEOCHEM_ROCK" VB #</Process><Process ToolSource="c:\program files (x86)\arcgis\desktop10.5\ArcToolbox\Toolboxes\Data Management Tools.tbx\CalculateField" Date="20180222" Time="143131">CalculateField d505wicr_litho_geochemistry gcode_desc "Geochemistry - Whole Rock Analysis" VB #</Process><Process ToolSource="c:\program files (x86)\arcgis\desktop10.5\ArcToolbox\Toolboxes\Data Management Tools.tbx\CalculateField" Date="20180222" Time="143310">CalculateField d505wicr_litho_geochemistry geo_id autoIncrement() PYTHON_9.3 "rec=0 \ndef autoIncrement(): \n global rec \n pStart = 1  \n pInterval = 1 \n if (rec == 0):  \n  rec = pStart  \n else:  \n  rec += pInterval  \n return rec"</Process><Process ToolSource="c:\program files (x86)\arcgis\desktop10.5\ArcToolbox\Toolboxes\Data Management Tools.tbx\CalculateField" Date="20180222" Time="143400">CalculateField d505wicr_litho_geochemistry geo_num "[dataset_id] &amp; [theme_id] &amp; "-" &amp; [geo_id]" VB #</Process><Process ToolSource="c:\program files (x86)\arcgis\desktop10.5\ArcToolbox\Toolboxes\Data Management Tools.tbx\CalculateField" Date="20180222" Time="143446">CalculateField d505wicr_litho_geochemistry hotlink "none" VB #</Process><Process ToolSource="c:\program files (x86)\arcgis\desktop10.5\ArcToolbox\Toolboxes\Data Management Tools.tbx\CalculateField" Date="20180222" Time="143515">CalculateField d505wicr_litho_geochemistry cert_link_1 [cert_link] VB #</Process><Process ToolSource="c:\program files (x86)\arcgis\desktop10.5\ArcToolbox\Toolboxes\Data Management Tools.tbx\CalculateField" Date="20180222" Time="143545">CalculateField d505wicr_litho_geochemistry cert_link [cert_link_1] VB #</Process></lineage><itemProps><itemName Sync="TRUE">d505wicr_rock_geochemistry</itemName><imsContentType Sync="TRUE">002</imsContentType><itemLocation><linkage Sync="TRUE">file://\\filesrv1.prov.gov.ns.ca\shr-dnrgmbt\development_work\cobequids\warwick_mtn\d505wi_Warwick_Mtn_Litho_Geochem\shp\d505wicr_rock_geochemistry\d505wicr_rock_geochemistry.shp</linkage><protocol Sync="TRUE">Local Area Network</protocol></itemLocation><itemSize Sync="TRUE">0.000</itemSize></itemProps><coordRef><type Sync="TRUE">Projected</type><geogcsn Sync="TRUE">GCS_North_American_1983_CSRS</geogcsn><csUnits Sync="TRUE">Linear Unit: Meter (1.000000)</csUnits><projcsn Sync="TRUE">NAD_1983_CSRS_UTM_Zone_20N</projcsn><peXml Sync="TRUE">&lt;ProjectedCoordinateSystem xsi:type='typens:ProjectedCoordinateSystem' xmlns:xsi='http://www.w3.org/2001/XMLSchema-instance' xmlns:xs='http://www.w3.org/2001/XMLSchema' xmlns:typens='http://www.esri.com/schemas/ArcGIS/10.1'&gt;&lt;WKT&gt;PROJCS[&amp;quot;NAD_1983_CSRS_UTM_Zone_20N&amp;quot;,GEOGCS[&amp;quot;GCS_North_American_1983_CSRS&amp;quot;,DATUM[&amp;quot;D_North_American_1983_CSRS&amp;quot;,SPHEROID[&amp;quot;GRS_1980&amp;quot;,6378137.0,298.257222101]],PRIMEM[&amp;quot;Greenwich&amp;quot;,0.0],UNIT[&amp;quot;Degree&amp;quot;,0.0174532925199433]],PROJECTION[&amp;quot;Transverse_Mercator&amp;quot;],PARAMETER[&amp;quot;False_Easting&amp;quot;,500000.0],PARAMETER[&amp;quot;False_Northing&amp;quot;,0.0],PARAMETER[&amp;quot;Central_Meridian&amp;quot;,-63.0],PARAMETER[&amp;quot;Scale_Factor&amp;quot;,0.9996],PARAMETER[&amp;quot;Latitude_Of_Origin&amp;quot;,0.0],UNIT[&amp;quot;Meter&amp;quot;,1.0],AUTHORITY[&amp;quot;EPSG&amp;quot;,2961]]&lt;/WKT&gt;&lt;XOrigin&gt;-5120900&lt;/XOrigin&gt;&lt;YOrigin&gt;-9998100&lt;/YOrigin&gt;&lt;XYScale&gt;450445547.3910538&lt;/XYScale&gt;&lt;ZOrigin&gt;-100000&lt;/ZOrigin&gt;&lt;ZScale&gt;10000&lt;/ZScale&gt;&lt;MOrigin&gt;-100000&lt;/MOrigin&gt;&lt;MScale&gt;10000&lt;/MScale&gt;&lt;XYTolerance&gt;0.001&lt;/XYTolerance&gt;&lt;ZTolerance&gt;0.001&lt;/ZTolerance&gt;&lt;MTolerance&gt;0.001&lt;/MTolerance&gt;&lt;HighPrecision&gt;true&lt;/HighPrecision&gt;&lt;WKID&gt;2038&lt;/WKID&gt;&lt;LatestWKID&gt;2961&lt;/LatestWKID&gt;&lt;/ProjectedCoordinateSystem&gt;</peXml></coordRef></DataProperties><SyncDate>20180227</SyncDate><SyncTime>16404500</SyncTime><ModDate>20180227</ModDate><ModTime>16404500</ModTime></Esri><dataIdInfo><envirDesc Sync="TRUE">Microsoft Windows 7 Version 6.1 (Build 7601) Service Pack 1; Esri ArcGIS 10.2.0.3348</envirDesc><dataLang><languageCode value="eng" Sync="TRUE"></languageCode><countryCode value="USA" Sync="TRUE"></countryCode></dataLang><idCitation><resTitle Sync="TRUE">d505wicr_rock_geochemistry</resTitle><presForm><PresFormCd value="005" Sync="TRUE"></PresFormCd></presForm></idCitation><spatRpType><SpatRepTypCd value="001" Sync="TRUE"></SpatRepTypCd></spatRpType></dataIdInfo><mdLang><languageCode value="eng" Sync="TRUE"></languageCode><countryCode value="USA" Sync="TRUE"></countryCode></mdLang><distInfo><distFormat><formatName Sync="TRUE">Shapefile</formatName></distFormat><distTranOps><transSize Sync="TRUE">0.000</transSize></distTranOps></distInfo><mdHrLv><ScopeCd value="005" Sync="TRUE"></ScopeCd></mdHrLv><mdHrLvName Sync="TRUE">dataset</mdHrLvName><refSysInfo><RefSystem><refSysID><identCode code="2961" Sync="TRUE"></identCode><idCodeSpace Sync="TRUE">EPSG</idCodeSpace><idVersion Sync="TRUE">8.1.1</idVersion></refSysID></RefSystem></refSysInfo><spatRepInfo><VectSpatRep><geometObjs Name="d505wicr_rock_geochemistry"><geoObjTyp><GeoObjTypCd value="004" Sync="TRUE"></GeoObjTypCd></geoObjTyp><geoObjCnt Sync="TRUE">0</geoObjCnt></geometObjs><topLvl><TopoLevCd value="001" Sync="TRUE"></TopoLevCd></topLvl></VectSpatRep></spatRepInfo><spdoinfo><ptvctinf><esriterm Name="d505wicr_rock_geochemistry"><efeatyp Sync="TRUE">Simple</efeatyp><efeageom code="1" Sync="TRUE"></efeageom><esritopo Sync="TRUE">FALSE</esritopo><efeacnt Sync="TRUE">0</efeacnt><spindex Sync="TRUE">FALSE</spindex><linrefer Sync="TRUE">FALSE</linrefer></esriterm></ptvctinf></spdoinfo><eainfo><detailed Name="d505wicr_rock_geochemistry"><enttyp><enttypl Sync="TRUE">d505wicr_rock_geochemistry</enttypl><enttypt Sync="TRUE">Feature Class</enttypt><enttypc Sync="TRUE">0</enttypc></enttyp><attr><attrlabl Sync="TRUE">FID</attrlabl><attalias Sync="TRUE">FID</attalias><attrtype Sync="TRUE">OID</attrtype><attwidth Sync="TRUE">4</attwidth><atprecis Sync="TRUE">0</atprecis><attscale Sync="TRUE">0</attscale><attrdef Sync="TRUE">Internal feature number.</attrdef><attrdefs Sync="TRUE">Esri</attrdefs><attrdomv><udom Sync="TRUE">Sequential unique whole numbers that are automatically generated.</udom></attrdomv></attr><attr><attrlabl Sync="TRUE">Shape</attrlabl><attalias Sync="TRUE">Shape</attalias><attrtype Sync="TRUE">Geometry</attrtype><attwidth Sync="TRUE">0</attwidth><atprecis Sync="TRUE">0</atprecis><attscale Sync="TRUE">0</attscale><attrdef Sync="TRUE">Feature geometry.</attrdef><attrdefs Sync="TRUE">Esri</attrdefs><attrdomv><udom Sync="TRUE">Coordinates defining the features.</udom></attrdomv></attr><attr><attrlabl Sync="TRUE">stati_num</attrlabl><attalias Sync="TRUE">stati_num</attalias><attrtype Sync="TRUE">String</attrtype><attwidth Sync="TRUE">16</attwidth><atprecis Sync="TRUE">0</atprecis><attscale Sync="TRUE">0</attscale></attr><attr><attrlabl Sync="TRUE">SAMPLE_NO</attrlabl><attalias Sync="TRUE">Sample_No</attalias><attrtype Sync="TRUE">String</attrtype><attwidth Sync="TRUE">32</attwidth><atprecis Sync="TRUE">0</atprecis><attscale Sync="TRUE">0</attscale></attr><attr><attrlabl Sync="TRUE">E_u83z20_m</attrlabl><attalias Sync="TRUE">E_u83z20_m</attalias><attrtype Sync="TRUE">Integer</attrtype><attwidth Sync="TRUE">9</attwidth><atprecis Sync="TRUE">9</atprecis><attscale Sync="TRUE">0</attscale></attr><attr><attrlabl Sync="TRUE">N_u83z20_m</attrlabl><attalias Sync="TRUE">N_u83z20_m</attalias><attrtype Sync="TRUE">Integer</attrtype><attwidth Sync="TRUE">9</attwidth><atprecis Sync="TRUE">9</atprecis><attscale Sync="TRUE">0</attscale></attr><attr><attrlabl Sync="TRUE">cert_link</attrlabl><attalias Sync="TRUE">cert_link</attalias><attrtype Sync="TRUE">String</attrtype><attwidth Sync="TRUE">128</attwidth><atprecis Sync="TRUE">0</atprecis><attscale Sync="TRUE">0</attscale></attr><attr><attrlabl Sync="TRUE">LON_dd</attrlabl><attalias Sync="TRUE">LON_dd</attalias><attrtype Sync="TRUE">Double</attrtype><attwidth Sync="TRUE">19</attwidth><atprecis Sync="TRUE">0</atprecis><attscale Sync="TRUE">0</attscale></attr><attr><attrlabl Sync="TRUE">dataset_id</attrlabl><attalias Sync="TRUE">dataset_id</attalias><attrtype Sync="TRUE">String</attrtype><attwidth Sync="TRUE">8</attwidth><atprecis Sync="TRUE">0</atprecis><attscale Sync="TRUE">0</attscale></attr><attr><attrlabl Sync="TRUE">theme_id</attrlabl><attalias Sync="TRUE">theme_id</attalias><attrtype Sync="TRUE">String</attrtype><attwidth Sync="TRUE">8</attwidth><atprecis Sync="TRUE">0</atprecis><attscale Sync="TRUE">0</attscale></attr><attr><attrlabl Sync="TRUE">geologist</attrlabl><attalias Sync="TRUE">geologist</attalias><attrtype Sync="TRUE">String</attrtype><attwidth Sync="TRUE">32</attwidth><atprecis Sync="TRUE">0</atprecis><attscale Sync="TRUE">0</attscale></attr><attr><attrlabl Sync="TRUE">source_id</attrlabl><attalias Sync="TRUE">source_id</attalias><attrtype Sync="TRUE">Integer</attrtype><attwidth Sync="TRUE">9</attwidth><atprecis Sync="TRUE">9</atprecis><attscale Sync="TRUE">0</attscale></attr><attr><attrlabl Sync="TRUE">gcode</attrlabl><attalias Sync="TRUE">gcode</attalias><attrtype Sync="TRUE">String</attrtype><attwidth Sync="TRUE">32</attwidth><atprecis Sync="TRUE">0</atprecis><attscale Sync="TRUE">0</attscale></attr><attr><attrlabl Sync="TRUE">gcode_desc</attrlabl><attalias Sync="TRUE">gcode_desc</attalias><attrtype Sync="TRUE">String</attrtype><attwidth Sync="TRUE">96</attwidth><atprecis Sync="TRUE">0</atprecis><attscale Sync="TRUE">0</attscale></attr><attr><attrlabl Sync="TRUE">geo_id</attrlabl><attalias Sync="TRUE">geo_id</attalias><attrtype Sync="TRUE">Integer</attrtype><attwidth Sync="TRUE">9</attwidth><atprecis Sync="TRUE">9</atprecis><attscale Sync="TRUE">0</attscale></attr><attr><attrlabl Sync="TRUE">geo_num</attrlabl><attalias Sync="TRUE">geo_num</attalias><attrtype Sync="TRUE">String</attrtype><attwidth Sync="TRUE">32</attwidth><atprecis Sync="TRUE">0</atprecis><attscale Sync="TRUE">0</attscale></attr><attr><attrlabl Sync="TRUE">hotlink</attrlabl><attalias Sync="TRUE">hotlink</attalias><attrtype Sync="TRUE">String</attrtype><attwidth Sync="TRUE">254</attwidth><atprecis Sync="TRUE">0</atprecis><attscale Sync="TRUE">0</attscale></attr><attr><attrlabl Sync="TRUE">lat_dd</attrlabl><attalias Sync="TRUE">LAT_dd</attalias><attrtype Sync="TRUE">Double</attrtype><attwidth Sync="TRUE">19</attwidth><atprecis Sync="TRUE">0</atprecis><attscale Sync="TRUE">0</attscale></attr></detailed></eainfo><mdDateSt Sync="TRUE">20180227</mdDateSt></metadata>
