<metadata xml:lang="en"><Esri><CreaDate>20180223</CreaDate><CreaTime>14571300</CreaTime><ArcGISFormat>1.0</ArcGISFormat><SyncOnce>FALSE</SyncOnce><DataProperties><lineage><Process Name="Copy Features (2)" ToolSource="c:\program files (x86)\arcgis\desktop10.2\ArcToolbox\Toolboxes\Data Management Tools.tbx\CopyFeatures" Date="20180222" Time="154115">CopyFeatures Materials_EventLayer T:\development_work\cobequids\Trevor_Bedrock_Geology\work\ArcMap\d489_bedrock_trevor.gdb\Materials_TM_Byers # 0 0 0</Process><Process Name="Clip" ToolSource="c:\program files (x86)\arcgis\desktop10.2\ArcToolbox\Toolboxes\Analysis Tools.tbx\Clip" Date="20180222" Time="154122">Clip T:\development_work\cobequids\Trevor_Bedrock_Geology\work\ArcMap\d489_bedrock_trevor.gdb\Materials_TM_Byers use_for_d505wi_xrf_clip T:\development_work\cobequids\Trevor_Bedrock_Geology\work\ArcMap\d489_bedrock_trevor.gdb\Materials_TM_Byers_Clip1 #</Process><Process ToolSource="c:\program files (x86)\arcgis\desktop10.5\ArcToolbox\Toolboxes\Data Management Tools.tbx\AlterField" Date="20180223" Time="081240">AlterField Materials_TM_Byers_Clip1 MaterialTable_TM_OBJECTID OBJECTID # LONG 4 NON_NULLABLE true</Process><Process ToolSource="c:\program files (x86)\arcgis\desktop10.5\ArcToolbox\Toolboxes\Data Management Tools.tbx\AlterField" Date="20180223" Time="081532">AlterField T:\development_work\cobequids\Trevor_Bedrock_Geology\!cm_working\arcmap\d505wi.gdb\Materials_TM_Byers_Clip1 MaterialTable_TM_EXCEL_ID EXCEL_ID # LONG 4 NULLABLE true</Process><Process ToolSource="c:\program files (x86)\arcgis\desktop10.5\ArcToolbox\Toolboxes\Data Management Tools.tbx\AlterField" Date="20180223" Time="081537">AlterField T:\development_work\cobequids\Trevor_Bedrock_Geology\!cm_working\arcmap\d505wi.gdb\Materials_TM_Byers_Clip1 MaterialTable_TM_STATION_NO STATION_NO # TEXT 255 NULLABLE true</Process><Process ToolSource="c:\program files (x86)\arcgis\desktop10.5\ArcToolbox\Toolboxes\Data Management Tools.tbx\AlterField" Date="20180223" Time="081541">AlterField T:\development_work\cobequids\Trevor_Bedrock_Geology\!cm_working\arcmap\d505wi.gdb\Materials_TM_Byers_Clip1 MaterialTable_TM_SAMPLE_NO SAMPLE_NO # TEXT 255 NULLABLE true</Process><Process ToolSource="c:\program files (x86)\arcgis\desktop10.5\ArcToolbox\Toolboxes\Data Management Tools.tbx\AlterField" Date="20180223" Time="081545">AlterField T:\development_work\cobequids\Trevor_Bedrock_Geology\!cm_working\arcmap\d505wi.gdb\Materials_TM_Byers_Clip1 MaterialTable_TM_TYPE_MATERAIL TYPE_MATERAIL # TEXT 255 NULLABLE true</Process><Process ToolSource="c:\program files (x86)\arcgis\desktop10.5\ArcToolbox\Toolboxes\Data Management Tools.tbx\AlterField" Date="20180223" Time="081549">AlterField T:\development_work\cobequids\Trevor_Bedrock_Geology\!cm_working\arcmap\d505wi.gdb\Materials_TM_Byers_Clip1 MaterialTable_TM_OFF_CUT OFF_CUT # TEXT 255 NULLABLE true</Process><Process ToolSource="c:\program files (x86)\arcgis\desktop10.5\ArcToolbox\Toolboxes\Data Management Tools.tbx\AlterField" Date="20180223" Time="081553">AlterField T:\development_work\cobequids\Trevor_Bedrock_Geology\!cm_working\arcmap\d505wi.gdb\Materials_TM_Byers_Clip1 MaterialTable_TM_SAMPLE_QUALITY SAMPLE_QUALITY # TEXT 255 NULLABLE true</Process><Process ToolSource="c:\program files (x86)\arcgis\desktop10.5\ArcToolbox\Toolboxes\Data Management Tools.tbx\AlterField" Date="20180223" Time="081558">AlterField T:\development_work\cobequids\Trevor_Bedrock_Geology\!cm_working\arcmap\d505wi.gdb\Materials_TM_Byers_Clip1 MaterialTable_TM_TYPE_ROCK TYPE_ROCK # TEXT 255 NULLABLE true</Process><Process ToolSource="c:\program files (x86)\arcgis\desktop10.5\ArcToolbox\Toolboxes\Data Management Tools.tbx\AlterField" Date="20180223" Time="081602">AlterField T:\development_work\cobequids\Trevor_Bedrock_Geology\!cm_working\arcmap\d505wi.gdb\Materials_TM_Byers_Clip1 MaterialTable_TM_NAME_ROCK NAME_ROCK # TEXT 255 NULLABLE true</Process><Process ToolSource="c:\program files (x86)\arcgis\desktop10.5\ArcToolbox\Toolboxes\Data Management Tools.tbx\AlterField" Date="20180223" Time="081606">AlterField T:\development_work\cobequids\Trevor_Bedrock_Geology\!cm_working\arcmap\d505wi.gdb\Materials_TM_Byers_Clip1 MaterialTable_TM_MAGNETICS MAGNETICS # TEXT 255 NULLABLE true</Process><Process ToolSource="c:\program files (x86)\arcgis\desktop10.5\ArcToolbox\Toolboxes\Data Management Tools.tbx\AlterField" Date="20180223" Time="081610">AlterField T:\development_work\cobequids\Trevor_Bedrock_Geology\!cm_working\arcmap\d505wi.gdb\Materials_TM_Byers_Clip1 MaterialTable_TM_GEOLOGICAL_GROUP GEOLOGICAL_GROUP # TEXT 255 NULLABLE true</Process><Process ToolSource="c:\program files (x86)\arcgis\desktop10.5\ArcToolbox\Toolboxes\Data Management Tools.tbx\AlterField" Date="20180223" Time="081614">AlterField T:\development_work\cobequids\Trevor_Bedrock_Geology\!cm_working\arcmap\d505wi.gdb\Materials_TM_Byers_Clip1 MaterialTable_TM_AGE AGE # TEXT 255 NULLABLE true</Process><Process ToolSource="c:\program files (x86)\arcgis\desktop10.5\ArcToolbox\Toolboxes\Data Management Tools.tbx\AlterField" Date="20180223" Time="081618">AlterField T:\development_work\cobequids\Trevor_Bedrock_Geology\!cm_working\arcmap\d505wi.gdb\Materials_TM_Byers_Clip1 MaterialTable_TM_CHEMICAL_TYPE CHEMICAL_TYPE # TEXT 255 NULLABLE true</Process><Process ToolSource="c:\program files (x86)\arcgis\desktop10.5\ArcToolbox\Toolboxes\Data Management Tools.tbx\AlterField" Date="20180223" Time="081623">AlterField T:\development_work\cobequids\Trevor_Bedrock_Geology\!cm_working\arcmap\d505wi.gdb\Materials_TM_Byers_Clip1 MaterialTable_TM_FLOW_INTRUSIVE_UNIT FLOW_INTRUSIVE_UNIT # TEXT 255 NULLABLE true</Process><Process ToolSource="c:\program files (x86)\arcgis\desktop10.5\ArcToolbox\Toolboxes\Data Management Tools.tbx\AlterField" Date="20180223" Time="081627">AlterField T:\development_work\cobequids\Trevor_Bedrock_Geology\!cm_working\arcmap\d505wi.gdb\Materials_TM_Byers_Clip1 MaterialTable_TM_COMMENTS COMMENTS # TEXT 353 NULLABLE true</Process><Process ToolSource="c:\program files (x86)\arcgis\desktop10.5\ArcToolbox\Toolboxes\Data Management Tools.tbx\AlterField" Date="20180223" Time="081632">AlterField T:\development_work\cobequids\Trevor_Bedrock_Geology\!cm_working\arcmap\d505wi.gdb\Materials_TM_Byers_Clip1 StationTable_TM_UTM_E_X UTM_E_X # DOUBLE 8 NULLABLE true</Process><Process ToolSource="c:\program files (x86)\arcgis\desktop10.5\ArcToolbox\Toolboxes\Data Management Tools.tbx\AlterField" Date="20180223" Time="081636">AlterField T:\development_work\cobequids\Trevor_Bedrock_Geology\!cm_working\arcmap\d505wi.gdb\Materials_TM_Byers_Clip1 StationTable_TM_UTM_N_Y UTM_N_Y # DOUBLE 8 NULLABLE true</Process><Process ToolSource="c:\program files (x86)\arcgis\desktop10.5\ArcToolbox\Toolboxes\Data Management Tools.tbx\AddField" Date="20180223" Time="082050">AddField T:\development_work\cobequids\Trevor_Bedrock_Geology\!cm_working\arcmap\d505wi.gdb\Materials_TM_Byers_Clip1 UTM_zone DOUBLE # # # # NULLABLE NON_REQUIRED #</Process><Process ToolSource="c:\program files (x86)\arcgis\desktop10.5\ArcToolbox\Toolboxes\Data Management Tools.tbx\CalculateField" Date="20180223" Time="082055">CalculateField T:\development_work\cobequids\Trevor_Bedrock_Geology\!cm_working\arcmap\d505wi.gdb\Materials_TM_Byers_Clip1 UTM_zone '20' PYTHON_9.3 #</Process><Process ToolSource="c:\program files (x86)\arcgis\desktop10.5\ArcToolbox\Toolboxes\Data Management Tools.tbx\AddField" Date="20180223" Time="082058">AddField T:\development_work\cobequids\Trevor_Bedrock_Geology\!cm_working\arcmap\d505wi.gdb\Materials_TM_Byers_Clip1 dataset_id TEXT # # 8 # NULLABLE NON_REQUIRED #</Process><Process ToolSource="c:\program files (x86)\arcgis\desktop10.5\ArcToolbox\Toolboxes\Data Management Tools.tbx\AddField" Date="20180223" Time="082102">AddField T:\development_work\cobequids\Trevor_Bedrock_Geology\!cm_working\arcmap\d505wi.gdb\Materials_TM_Byers_Clip1 theme_id TEXT # # 8 # NULLABLE NON_REQUIRED #</Process><Process ToolSource="c:\program files (x86)\arcgis\desktop10.5\ArcToolbox\Toolboxes\Data Management Tools.tbx\AddField" Date="20180223" Time="082106">AddField T:\development_work\cobequids\Trevor_Bedrock_Geology\!cm_working\arcmap\d505wi.gdb\Materials_TM_Byers_Clip1 geologist TEXT # # 32 # NULLABLE NON_REQUIRED #</Process><Process ToolSource="c:\program files (x86)\arcgis\desktop10.5\ArcToolbox\Toolboxes\Data Management Tools.tbx\CalculateField" Date="20180223" Time="082110">CalculateField T:\development_work\cobequids\Trevor_Bedrock_Geology\!cm_working\arcmap\d505wi.gdb\Materials_TM_Byers_Clip1 geologist 'TMH' PYTHON_9.3 #</Process><Process ToolSource="c:\program files (x86)\arcgis\desktop10.5\ArcToolbox\Toolboxes\Data Management Tools.tbx\AddField" Date="20180223" Time="082113">AddField T:\development_work\cobequids\Trevor_Bedrock_Geology\!cm_working\arcmap\d505wi.gdb\Materials_TM_Byers_Clip1 source_id LONG # # # # NULLABLE NON_REQUIRED #</Process><Process ToolSource="c:\program files (x86)\arcgis\desktop10.5\ArcToolbox\Toolboxes\Data Management Tools.tbx\AddField" Date="20180223" Time="082117">AddField T:\development_work\cobequids\Trevor_Bedrock_Geology\!cm_working\arcmap\d505wi.gdb\Materials_TM_Byers_Clip1 gcode TEXT # # 32 # NULLABLE NON_REQUIRED #</Process><Process ToolSource="c:\program files (x86)\arcgis\desktop10.5\ArcToolbox\Toolboxes\Data Management Tools.tbx\AddField" Date="20180223" Time="082121">AddField T:\development_work\cobequids\Trevor_Bedrock_Geology\!cm_working\arcmap\d505wi.gdb\Materials_TM_Byers_Clip1 gcode_desc TEXT # # 96 # NULLABLE NON_REQUIRED #</Process><Process ToolSource="c:\program files (x86)\arcgis\desktop10.5\ArcToolbox\Toolboxes\Data Management Tools.tbx\AddField" Date="20180223" Time="082124">AddField T:\development_work\cobequids\Trevor_Bedrock_Geology\!cm_working\arcmap\d505wi.gdb\Materials_TM_Byers_Clip1 geo_id LONG # # # # NULLABLE NON_REQUIRED #</Process><Process ToolSource="c:\program files (x86)\arcgis\desktop10.5\ArcToolbox\Toolboxes\Data Management Tools.tbx\AddField" Date="20180223" Time="082128">AddField T:\development_work\cobequids\Trevor_Bedrock_Geology\!cm_working\arcmap\d505wi.gdb\Materials_TM_Byers_Clip1 hotlink TEXT # # 254 # NULLABLE NON_REQUIRED #</Process><Process ToolSource="c:\program files (x86)\arcgis\desktop10.5\ArcToolbox\Toolboxes\Data Management Tools.tbx\AddField" Date="20180223" Time="082132">AddField T:\development_work\cobequids\Trevor_Bedrock_Geology\!cm_working\arcmap\d505wi.gdb\Materials_TM_Byers_Clip1 notes TEXT # # 254 # NULLABLE NON_REQUIRED #</Process><Process ToolSource="c:\program files (x86)\arcgis\desktop10.5\ArcToolbox\Toolboxes\Data Management Tools.tbx\AddField" Date="20180223" Time="082135">AddField T:\development_work\cobequids\Trevor_Bedrock_Geology\!cm_working\arcmap\d505wi.gdb\Materials_TM_Byers_Clip1 lat_dd DOUBLE # # # # NULLABLE NON_REQUIRED #</Process><Process ToolSource="c:\program files (x86)\arcgis\desktop10.5\ArcToolbox\Toolboxes\Data Management Tools.tbx\AddField" Date="20180223" Time="082139">AddField T:\development_work\cobequids\Trevor_Bedrock_Geology\!cm_working\arcmap\d505wi.gdb\Materials_TM_Byers_Clip1 long_dd DOUBLE # # # # NULLABLE NON_REQUIRED #</Process><Process ToolSource="c:\program files (x86)\arcgis\desktop10.5\ArcToolbox\Toolboxes\Data Management Tools.tbx\CalculateField" Date="20180223" Time="120250">CalculateField d504wi_BEDROCK\MATERIALS\Materials_TM_Byers_Clip1 SAMPLE_NO 'No Sample' PYTHON_9.3 #</Process><Process ToolSource="c:\program files (x86)\arcgis\desktop10.5\ArcToolbox\Toolboxes\Data Management Tools.tbx\CalculateField" Date="20180223" Time="120429">CalculateField d504wi_BEDROCK\MATERIALS\Materials_TM_Byers_Clip1 SAMPLE_QUALITY 'No Sample' PYTHON_9.3 #</Process><Process ToolSource="c:\program files (x86)\arcgis\desktop10.5\ArcToolbox\Toolboxes\Conversion Tools.tbx\FeatureClassToFeatureClass" Date="20180223" Time="121139">FeatureClassToFeatureClass T:\development_work\cobequids\Trevor_Bedrock_Geology\!cm_working\arcmap\d505wi.gdb\Materials_TM_Byers_Clip1 T:\development_work\cobequids\Trevor_Bedrock_Geology\!cm_working\arcmap\d505wi.gdb d505wi_materials # "STATION_NO "STATION_NO" true true false 255 Text 0 0 ,First,#,T:\development_work\cobequids\Trevor_Bedrock_Geology\!cm_working\arcmap\d505wi.gdb\Materials_TM_Byers_Clip1,STATION_NO,-1,-1;SAMPLE_NO "SAMPLE_NO" true true false 255 Text 0 0 ,First,#,T:\development_work\cobequids\Trevor_Bedrock_Geology\!cm_working\arcmap\d505wi.gdb\Materials_TM_Byers_Clip1,SAMPLE_NO,-1,-1;TYPE_MATERIAL "TYPE_MATERIAL" true true false 255 Text 0 0 ,First,#,T:\development_work\cobequids\Trevor_Bedrock_Geology\!cm_working\arcmap\d505wi.gdb\Materials_TM_Byers_Clip1,TYPE_MATERIAL,-1,-1;SAMPLE_QUALITY "SAMPLE_QUALITY" true true false 255 Text 0 0 ,First,#,T:\development_work\cobequids\Trevor_Bedrock_Geology\!cm_working\arcmap\d505wi.gdb\Materials_TM_Byers_Clip1,SAMPLE_QUALITY,-1,-1;TYPE_ROCK "TYPE_ROCK" true true false 255 Text 0 0 ,First,#,T:\development_work\cobequids\Trevor_Bedrock_Geology\!cm_working\arcmap\d505wi.gdb\Materials_TM_Byers_Clip1,TYPE_ROCK,-1,-1;NAME_ROCK "NAME_ROCK" true true false 255 Text 0 0 ,First,#,T:\development_work\cobequids\Trevor_Bedrock_Geology\!cm_working\arcmap\d505wi.gdb\Materials_TM_Byers_Clip1,NAME_ROCK,-1,-1;MAGNETICS "MAGNETICS" true true false 255 Text 0 0 ,First,#,T:\development_work\cobequids\Trevor_Bedrock_Geology\!cm_working\arcmap\d505wi.gdb\Materials_TM_Byers_Clip1,MAGNETICS,-1,-1;GEOLOGICAL_GROUP "GEOLOGICAL_GROUP" true true false 255 Text 0 0 ,First,#,T:\development_work\cobequids\Trevor_Bedrock_Geology\!cm_working\arcmap\d505wi.gdb\Materials_TM_Byers_Clip1,GEOLOGICAL_GROUP,-1,-1;AGE "AGE" true true false 255 Text 0 0 ,First,#,T:\development_work\cobequids\Trevor_Bedrock_Geology\!cm_working\arcmap\d505wi.gdb\Materials_TM_Byers_Clip1,AGE,-1,-1;UTM_E_X "UTM_E_X" true true false 8 Double 0 0 ,First,#,T:\development_work\cobequids\Trevor_Bedrock_Geology\!cm_working\arcmap\d505wi.gdb\Materials_TM_Byers_Clip1,UTM_E_X,-1,-1;UTM_N_Y "UTM_N_Y" true true false 8 Double 0 0 ,First,#,T:\development_work\cobequids\Trevor_Bedrock_Geology\!cm_working\arcmap\d505wi.gdb\Materials_TM_Byers_Clip1,UTM_N_Y,-1,-1;UTM_zone "UTM_zone" true true false 8 Double 0 0 ,First,#,T:\development_work\cobequids\Trevor_Bedrock_Geology\!cm_working\arcmap\d505wi.gdb\Materials_TM_Byers_Clip1,UTM_zone,-1,-1;dataset_id "dataset_id" true true false 8 Text 0 0 ,First,#,T:\development_work\cobequids\Trevor_Bedrock_Geology\!cm_working\arcmap\d505wi.gdb\Materials_TM_Byers_Clip1,dataset_id,-1,-1;theme_id "theme_id" true true false 8 Text 0 0 ,First,#,T:\development_work\cobequids\Trevor_Bedrock_Geology\!cm_working\arcmap\d505wi.gdb\Materials_TM_Byers_Clip1,theme_id,-1,-1;geologist "geologist" true true false 32 Text 0 0 ,First,#,T:\development_work\cobequids\Trevor_Bedrock_Geology\!cm_working\arcmap\d505wi.gdb\Materials_TM_Byers_Clip1,geologist,-1,-1;source_id "source_id" true true false 4 Long 0 0 ,First,#,T:\development_work\cobequids\Trevor_Bedrock_Geology\!cm_working\arcmap\d505wi.gdb\Materials_TM_Byers_Clip1,source_id,-1,-1;gcode "gcode" true true false 32 Text 0 0 ,First,#,T:\development_work\cobequids\Trevor_Bedrock_Geology\!cm_working\arcmap\d505wi.gdb\Materials_TM_Byers_Clip1,gcode,-1,-1;gcode_desc "gcode_desc" true true false 96 Text 0 0 ,First,#,T:\development_work\cobequids\Trevor_Bedrock_Geology\!cm_working\arcmap\d505wi.gdb\Materials_TM_Byers_Clip1,gcode_desc,-1,-1;geo_id "geo_id" true true false 4 Long 0 0 ,First,#,T:\development_work\cobequids\Trevor_Bedrock_Geology\!cm_working\arcmap\d505wi.gdb\Materials_TM_Byers_Clip1,geo_id,-1,-1;hotlink "hotlink" true true false 254 Text 0 0 ,First,#,T:\development_work\cobequids\Trevor_Bedrock_Geology\!cm_working\arcmap\d505wi.gdb\Materials_TM_Byers_Clip1,hotlink,-1,-1;notes "notes" true true false 254 Text 0 0 ,First,#,T:\development_work\cobequids\Trevor_Bedrock_Geology\!cm_working\arcmap\d505wi.gdb\Materials_TM_Byers_Clip1,notes,-1,-1;lat_dd "lat_dd" true true false 8 Double 0 0 ,First,#,T:\development_work\cobequids\Trevor_Bedrock_Geology\!cm_working\arcmap\d505wi.gdb\Materials_TM_Byers_Clip1,lat_dd,-1,-1;long_dd "long_dd" true true false 8 Double 0 0 ,First,#,T:\development_work\cobequids\Trevor_Bedrock_Geology\!cm_working\arcmap\d505wi.gdb\Materials_TM_Byers_Clip1,long_dd,-1,-1;legend_id "legend_id" true true false 8 Double 0 0 ,First,#,T:\development_work\cobequids\Trevor_Bedrock_Geology\!cm_working\arcmap\d505wi.gdb\Materials_TM_Byers_Clip1,legend_id,-1,-1;av_legend "av_legend" true true false 255 Text 0 0 ,First,#,T:\development_work\cobequids\Trevor_Bedrock_Geology\!cm_working\arcmap\d505wi.gdb\Materials_TM_Byers_Clip1,av_legend,-1,-1" #</Process><Process ToolSource="c:\program files (x86)\arcgis\desktop10.5\ArcToolbox\Toolboxes\Data Management Tools.tbx\CalculateField" Date="20180223" Time="153242">CalculateField d505wiml_litho_descriptions stati_num_1 [stati_num] VB #</Process><Process ToolSource="c:\program files (x86)\arcgis\desktop10.5\ArcToolbox\Toolboxes\Data Management Tools.tbx\CalculateField" Date="20180223" Time="153324">CalculateField d505wiml_litho_descriptions stati_num [stati_num_1] VB #</Process><Process ToolSource="c:\program files (x86)\arcgis\desktop10.5\ArcToolbox\Toolboxes\Data Management Tools.tbx\CalculateField" Date="20180223" Time="153412">CalculateField d505wiml_litho_descriptions Sample_No_1 [SAMPLE_NO] VB #</Process><Process ToolSource="c:\program files (x86)\arcgis\desktop10.5\ArcToolbox\Toolboxes\Data Management Tools.tbx\CalculateField" Date="20180223" Time="153510">CalculateField d505wiml_litho_descriptions Sample_No [Sample_No_1] VB #</Process><Process ToolSource="c:\program files (x86)\arcgis\desktop10.5\ArcToolbox\Toolboxes\Data Management Tools.tbx\CalculateField" Date="20180223" Time="153626">CalculateField d505wiml_litho_descriptions type_mat [TYPE_MATERIAL] VB #</Process><Process ToolSource="c:\program files (x86)\arcgis\desktop10.5\ArcToolbox\Toolboxes\Data Management Tools.tbx\CalculateField" Date="20180223" Time="153920">CalculateField d505wiml_litho_descriptions smpl_qlty [SAMPLE_QUALITY] VB #</Process><Process ToolSource="c:\program files (x86)\arcgis\desktop10.5\ArcToolbox\Toolboxes\Data Management Tools.tbx\CalculateField" Date="20180223" Time="154034">CalculateField d505wiml_litho_descriptions type_rock_1 [TYPE_ROCK] VB #</Process><Process ToolSource="c:\program files (x86)\arcgis\desktop10.5\ArcToolbox\Toolboxes\Data Management Tools.tbx\CalculateField" Date="20180223" Time="154157">CalculateField d505wiml_litho_descriptions type_rock [type_rock_1] VB #</Process><Process ToolSource="c:\program files (x86)\arcgis\desktop10.5\ArcToolbox\Toolboxes\Data Management Tools.tbx\CalculateField" Date="20180223" Time="154238">CalculateField d505wiml_litho_descriptions name_rock_1 [NAME_ROCK] VB #</Process><Process ToolSource="c:\program files (x86)\arcgis\desktop10.5\ArcToolbox\Toolboxes\Data Management Tools.tbx\CalculateField" Date="20180223" Time="154452">CalculateField d505wiml_litho_descriptions name_rock [name_rock_1] VB #</Process><Process ToolSource="c:\program files (x86)\arcgis\desktop10.5\ArcToolbox\Toolboxes\Data Management Tools.tbx\CalculateField" Date="20180223" Time="154901">CalculateField d505wiml_litho_descriptions magnetics_1 [MAGNETICS] VB #</Process><Process ToolSource="c:\program files (x86)\arcgis\desktop10.5\ArcToolbox\Toolboxes\Data Management Tools.tbx\CalculateField" Date="20180223" Time="155008">CalculateField d505wiml_litho_descriptions magnetics_1 [MAGNETICS] VB #</Process><Process ToolSource="c:\program files (x86)\arcgis\desktop10.5\ArcToolbox\Toolboxes\Data Management Tools.tbx\CalculateField" Date="20180223" Time="155032">CalculateField d505wiml_litho_descriptions magnetics_1 "none" VB #</Process><Process ToolSource="c:\program files (x86)\arcgis\desktop10.5\ArcToolbox\Toolboxes\Data Management Tools.tbx\CalculateField" Date="20180223" Time="155119">CalculateField d505wiml_litho_descriptions magnetics [magnetics_1] VB #</Process><Process ToolSource="c:\program files (x86)\arcgis\desktop10.5\ArcToolbox\Toolboxes\Data Management Tools.tbx\CalculateField" Date="20180223" Time="155213">CalculateField d505wiml_litho_descriptions geol_grp [GEOLOGICAL_GROUP] VB #</Process><Process ToolSource="c:\program files (x86)\arcgis\desktop10.5\ArcToolbox\Toolboxes\Data Management Tools.tbx\CalculateField" Date="20180223" Time="155330">CalculateField d505wiml_litho_descriptions age_1 [AGE] VB #</Process><Process ToolSource="c:\program files (x86)\arcgis\desktop10.5\ArcToolbox\Toolboxes\Data Management Tools.tbx\CalculateField" Date="20180223" Time="155418">CalculateField d505wiml_litho_descriptions age [age_1] VB #</Process><Process ToolSource="c:\program files (x86)\arcgis\desktop10.5\ArcToolbox\Toolboxes\Data Management Tools.tbx\CalculateField" Date="20180223" Time="155518">CalculateField d505wiml_litho_descriptions E_u83z20_m [UTM_E_X] VB #</Process><Process ToolSource="c:\program files (x86)\arcgis\desktop10.5\ArcToolbox\Toolboxes\Data Management Tools.tbx\CalculateField" Date="20180223" Time="155557">CalculateField d505wiml_litho_descriptions N_u83z20_m [UTM_N_Y] VB #</Process><Process ToolSource="c:\program files (x86)\arcgis\desktop10.5\ArcToolbox\Toolboxes\Data Management Tools.tbx\CalculateField" Date="20180223" Time="155626">CalculateField d505wiml_litho_descriptions utm_zone_1 [UTM_zone] VB #</Process><Process ToolSource="c:\program files (x86)\arcgis\desktop10.5\ArcToolbox\Toolboxes\Data Management Tools.tbx\CalculateField" Date="20180223" Time="155655">CalculateField d505wiml_litho_descriptions utm_zone [utm_zone_1] VB #</Process><Process ToolSource="c:\program files (x86)\arcgis\desktop10.5\ArcToolbox\Toolboxes\Data Management Tools.tbx\CalculateField" Date="20180223" Time="155738">CalculateField d505wiml_litho_descriptions dataset_id_1 "d505wi" VB #</Process><Process ToolSource="c:\program files (x86)\arcgis\desktop10.5\ArcToolbox\Toolboxes\Data Management Tools.tbx\CalculateField" Date="20180223" Time="155804">CalculateField d505wiml_litho_descriptions dataset_id [dataset_id_1] VB #</Process><Process ToolSource="c:\program files (x86)\arcgis\desktop10.5\ArcToolbox\Toolboxes\Data Management Tools.tbx\CalculateField" Date="20180223" Time="155855">CalculateField d505wiml_litho_descriptions LAT_dd_1 [lat_dd] VB #</Process><Process ToolSource="c:\program files (x86)\arcgis\desktop10.5\ArcToolbox\Toolboxes\Data Management Tools.tbx\CalculateField" Date="20180223" Time="155921">CalculateField d505wiml_litho_descriptions LAT_dd [LAT_dd_1] VB #</Process><Process ToolSource="c:\program files (x86)\arcgis\desktop10.5\ArcToolbox\Toolboxes\Data Management Tools.tbx\CalculateField" Date="20180223" Time="155948">CalculateField d505wiml_litho_descriptions LON_dd [long_dd] VB #</Process><Process ToolSource="c:\program files (x86)\arcgis\desktop10.5\ArcToolbox\Toolboxes\Data Management Tools.tbx\CalculateField" Date="20180223" Time="160026">CalculateField d505wiml_litho_descriptions dataset_id_1 [dataset_id] VB #</Process><Process ToolSource="c:\program files (x86)\arcgis\desktop10.5\ArcToolbox\Toolboxes\Data Management Tools.tbx\CalculateField" Date="20180223" Time="160049">CalculateField d505wiml_litho_descriptions dataset_id [dataset_id_1] VB #</Process><Process ToolSource="c:\program files (x86)\arcgis\desktop10.5\ArcToolbox\Toolboxes\Data Management Tools.tbx\CalculateField" Date="20180223" Time="160642">CalculateField d505wiml_litho_descriptions theme_id "ml" VB #</Process><Process ToolSource="c:\program files (x86)\arcgis\desktop10.5\ArcToolbox\Toolboxes\Data Management Tools.tbx\CalculateField" Date="20180223" Time="160718">CalculateField d505wiml_litho_descriptions geologist_1 [geologist] VB #</Process><Process ToolSource="c:\program files (x86)\arcgis\desktop10.5\ArcToolbox\Toolboxes\Data Management Tools.tbx\CalculateField" Date="20180223" Time="160750">CalculateField d505wiml_litho_descriptions geologist [geologist_1] VB #</Process><Process ToolSource="c:\program files (x86)\arcgis\desktop10.5\ArcToolbox\Toolboxes\Data Management Tools.tbx\CalculateField" Date="20180223" Time="161108">CalculateField d505wiml_litho_descriptions source_id 10948 VB #</Process><Process ToolSource="c:\program files (x86)\arcgis\desktop10.5\ArcToolbox\Toolboxes\Data Management Tools.tbx\CalculateField" Date="20180223" Time="161757">CalculateField d505wiml_litho_descriptions gcode "OUTCROP" VB #</Process><Process ToolSource="c:\program files (x86)\arcgis\desktop10.5\ArcToolbox\Toolboxes\Data Management Tools.tbx\CalculateField" Date="20180223" Time="161829">CalculateField d505wiml_litho_descriptions gcode "OUTCROP_F" VB #</Process><Process ToolSource="c:\program files (x86)\arcgis\desktop10.5\ArcToolbox\Toolboxes\Data Management Tools.tbx\CalculateField" Date="20180223" Time="162325">CalculateField d505wiml_litho_descriptions gcode "OUTCROP_FELS" VB #</Process><Process ToolSource="c:\program files (x86)\arcgis\desktop10.5\ArcToolbox\Toolboxes\Data Management Tools.tbx\CalculateField" Date="20180223" Time="162420">CalculateField d505wiml_litho_descriptions gcode_desc "felsenmeer" VB #</Process><Process ToolSource="c:\program files (x86)\arcgis\desktop10.5\ArcToolbox\Toolboxes\Data Management Tools.tbx\CalculateField" Date="20180223" Time="162446">CalculateField d505wiml_litho_descriptions gcode_desc "float location" VB #</Process><Process ToolSource="c:\program files (x86)\arcgis\desktop10.5\ArcToolbox\Toolboxes\Data Management Tools.tbx\CalculateField" Date="20180223" Time="162511">CalculateField d505wiml_litho_descriptions gcode_desc "mapped outcrop location" VB #</Process><Process ToolSource="c:\program files (x86)\arcgis\desktop10.5\ArcToolbox\Toolboxes\Data Management Tools.tbx\CalculateField" Date="20180223" Time="163459">CalculateField d505wiml_litho_descriptions geo_id autoIncrement() PYTHON_9.3 "rec=0 \ndef autoIncrement(): \n global rec \n pStart = 1  \n pInterval = 1 \n if (rec == 0):  \n  rec = pStart  \n else:  \n  rec += pInterval  \n return rec"</Process><Process ToolSource="c:\program files (x86)\arcgis\desktop10.5\ArcToolbox\Toolboxes\Data Management Tools.tbx\CalculateField" Date="20180223" Time="163556">CalculateField d505wiml_litho_descriptions geo_num "[dataset_id] &amp; [theme_id] &amp; "-" &amp; [geo_id]" VB #</Process><Process ToolSource="c:\program files (x86)\arcgis\desktop10.5\ArcToolbox\Toolboxes\Data Management Tools.tbx\CalculateField" Date="20180223" Time="163652">CalculateField d505wiml_litho_descriptions hotlink "none" VB #</Process><Process ToolSource="c:\program files (x86)\arcgis\desktop10.5\ArcToolbox\Toolboxes\Data Management Tools.tbx\CalculateField" Date="20180223" Time="163717">CalculateField d505wiml_litho_descriptions legend_id_1 [legend_id] VB #</Process><Process ToolSource="c:\program files (x86)\arcgis\desktop10.5\ArcToolbox\Toolboxes\Data Management Tools.tbx\CalculateField" Date="20180223" Time="163806">CalculateField d505wiml_litho_descriptions legend_id [legend_id_1] VB #</Process><Process ToolSource="c:\program files (x86)\arcgis\desktop10.5\ArcToolbox\Toolboxes\Data Management Tools.tbx\CalculateField" Date="20180223" Time="163838">CalculateField d505wiml_litho_descriptions av_legend_1 [av_legend] VB #</Process><Process ToolSource="c:\program files (x86)\arcgis\desktop10.5\ArcToolbox\Toolboxes\Data Management Tools.tbx\CalculateField" Date="20180223" Time="163916">CalculateField d505wiml_litho_descriptions av_legend [av_legend_1] VB #</Process></lineage><itemProps><itemName Sync="TRUE">d505wiml_litho_descriptions</itemName><imsContentType Sync="TRUE">002</imsContentType><itemLocation><linkage Sync="TRUE">file://\\filesrv1.prov.gov.ns.ca\shr-dnrgmbt\development_work\cobequids\warwick_mtn\d505wi_Warwick_Mtn_Litho_Geochem\shp\d505wiml_litho_descriptions\d505wiml_litho_descriptions.shp</linkage><protocol Sync="TRUE">Local Area Network</protocol></itemLocation><itemSize Sync="TRUE">0.000</itemSize></itemProps><coordRef><type Sync="TRUE">Projected</type><geogcsn Sync="TRUE">GCS_North_American_1983_CSRS</geogcsn><csUnits Sync="TRUE">Linear Unit: Meter (1.000000)</csUnits><projcsn Sync="TRUE">NAD_1983_CSRS_UTM_Zone_20N</projcsn><peXml Sync="TRUE">&lt;ProjectedCoordinateSystem xsi:type='typens:ProjectedCoordinateSystem' xmlns:xsi='http://www.w3.org/2001/XMLSchema-instance' xmlns:xs='http://www.w3.org/2001/XMLSchema' xmlns:typens='http://www.esri.com/schemas/ArcGIS/10.1'&gt;&lt;WKT&gt;PROJCS[&amp;quot;NAD_1983_CSRS_UTM_Zone_20N&amp;quot;,GEOGCS[&amp;quot;GCS_North_American_1983_CSRS&amp;quot;,DATUM[&amp;quot;D_North_American_1983_CSRS&amp;quot;,SPHEROID[&amp;quot;GRS_1980&amp;quot;,6378137.0,298.257222101]],PRIMEM[&amp;quot;Greenwich&amp;quot;,0.0],UNIT[&amp;quot;Degree&amp;quot;,0.0174532925199433]],PROJECTION[&amp;quot;Transverse_Mercator&amp;quot;],PARAMETER[&amp;quot;False_Easting&amp;quot;,500000.0],PARAMETER[&amp;quot;False_Northing&amp;quot;,0.0],PARAMETER[&amp;quot;Central_Meridian&amp;quot;,-63.0],PARAMETER[&amp;quot;Scale_Factor&amp;quot;,0.9996],PARAMETER[&amp;quot;Latitude_Of_Origin&amp;quot;,0.0],UNIT[&amp;quot;Meter&amp;quot;,1.0],AUTHORITY[&amp;quot;EPSG&amp;quot;,2961]]&lt;/WKT&gt;&lt;XOrigin&gt;-5120900&lt;/XOrigin&gt;&lt;YOrigin&gt;-9998100&lt;/YOrigin&gt;&lt;XYScale&gt;450445547.3910538&lt;/XYScale&gt;&lt;ZOrigin&gt;-100000&lt;/ZOrigin&gt;&lt;ZScale&gt;10000&lt;/ZScale&gt;&lt;MOrigin&gt;-100000&lt;/MOrigin&gt;&lt;MScale&gt;10000&lt;/MScale&gt;&lt;XYTolerance&gt;0.001&lt;/XYTolerance&gt;&lt;ZTolerance&gt;0.001&lt;/ZTolerance&gt;&lt;MTolerance&gt;0.001&lt;/MTolerance&gt;&lt;HighPrecision&gt;true&lt;/HighPrecision&gt;&lt;WKID&gt;2038&lt;/WKID&gt;&lt;LatestWKID&gt;2961&lt;/LatestWKID&gt;&lt;/ProjectedCoordinateSystem&gt;</peXml></coordRef></DataProperties><SyncDate>20180227</SyncDate><SyncTime>16373000</SyncTime><ModDate>20180227</ModDate><ModTime>16373000</ModTime></Esri><dataIdInfo><envirDesc Sync="TRUE">Microsoft Windows 7 Version 6.1 (Build 7601) Service Pack 1; Esri ArcGIS 10.2.0.3348</envirDesc><dataLang><languageCode value="eng" Sync="TRUE"></languageCode><countryCode value="USA" Sync="TRUE"></countryCode></dataLang><idCitation><resTitle Sync="TRUE">d505wiml_litho_descriptions</resTitle><presForm><PresFormCd value="005" Sync="TRUE"></PresFormCd></presForm></idCitation><spatRpType><SpatRepTypCd value="001" Sync="TRUE"></SpatRepTypCd></spatRpType></dataIdInfo><mdLang><languageCode value="eng" Sync="TRUE"></languageCode><countryCode value="USA" Sync="TRUE"></countryCode></mdLang><distInfo><distFormat><formatName Sync="TRUE">Shapefile</formatName></distFormat><distTranOps><transSize Sync="TRUE">0.000</transSize></distTranOps></distInfo><mdHrLv><ScopeCd value="005" Sync="TRUE"></ScopeCd></mdHrLv><mdHrLvName Sync="TRUE">dataset</mdHrLvName><refSysInfo><RefSystem><refSysID><identCode code="2961" Sync="TRUE"></identCode><idCodeSpace Sync="TRUE">EPSG</idCodeSpace><idVersion Sync="TRUE">8.1.1</idVersion></refSysID></RefSystem></refSysInfo><spatRepInfo><VectSpatRep><geometObjs Name="d505wiml_litho_descriptions"><geoObjTyp><GeoObjTypCd value="004" Sync="TRUE"></GeoObjTypCd></geoObjTyp><geoObjCnt Sync="TRUE">0</geoObjCnt></geometObjs><topLvl><TopoLevCd value="001" Sync="TRUE"></TopoLevCd></topLvl></VectSpatRep></spatRepInfo><spdoinfo><ptvctinf><esriterm Name="d505wiml_litho_descriptions"><efeatyp Sync="TRUE">Simple</efeatyp><efeageom code="1" Sync="TRUE"></efeageom><esritopo Sync="TRUE">FALSE</esritopo><efeacnt Sync="TRUE">0</efeacnt><spindex Sync="TRUE">FALSE</spindex><linrefer Sync="TRUE">FALSE</linrefer></esriterm></ptvctinf></spdoinfo><eainfo><detailed Name="d505wiml_litho_descriptions"><enttyp><enttypl Sync="TRUE">d505wiml_litho_descriptions</enttypl><enttypt Sync="TRUE">Feature Class</enttypt><enttypc Sync="TRUE">0</enttypc></enttyp><attr><attrlabl Sync="TRUE">FID</attrlabl><attalias Sync="TRUE">FID</attalias><attrtype Sync="TRUE">OID</attrtype><attwidth Sync="TRUE">4</attwidth><atprecis Sync="TRUE">0</atprecis><attscale Sync="TRUE">0</attscale><attrdef Sync="TRUE">Internal feature number.</attrdef><attrdefs Sync="TRUE">Esri</attrdefs><attrdomv><udom Sync="TRUE">Sequential unique whole numbers that are automatically generated.</udom></attrdomv></attr><attr><attrlabl Sync="TRUE">Shape</attrlabl><attalias Sync="TRUE">Shape</attalias><attrtype Sync="TRUE">Geometry</attrtype><attwidth Sync="TRUE">0</attwidth><atprecis Sync="TRUE">0</atprecis><attscale Sync="TRUE">0</attscale><attrdef Sync="TRUE">Feature geometry.</attrdef><attrdefs Sync="TRUE">Esri</attrdefs><attrdomv><udom Sync="TRUE">Coordinates defining the features.</udom></attrdomv></attr><attr><attrlabl Sync="TRUE">stati_num</attrlabl><attalias Sync="TRUE">stati_num</attalias><attrtype Sync="TRUE">String</attrtype><attwidth Sync="TRUE">12</attwidth><atprecis Sync="TRUE">0</atprecis><attscale Sync="TRUE">0</attscale></attr><attr><attrlabl Sync="TRUE">SAMPLE_NO</attrlabl><attalias Sync="TRUE">Sample_No</attalias><attrtype Sync="TRUE">String</attrtype><attwidth Sync="TRUE">12</attwidth><atprecis Sync="TRUE">0</atprecis><attscale Sync="TRUE">0</attscale></attr><attr><attrlabl Sync="TRUE">type_mat</attrlabl><attalias Sync="TRUE">type_mat</attalias><attrtype Sync="TRUE">String</attrtype><attwidth Sync="TRUE">32</attwidth><atprecis Sync="TRUE">0</atprecis><attscale Sync="TRUE">0</attscale></attr><attr><attrlabl Sync="TRUE">smpl_qlty</attrlabl><attalias Sync="TRUE">smpl_qlty</attalias><attrtype Sync="TRUE">String</attrtype><attwidth Sync="TRUE">32</attwidth><atprecis Sync="TRUE">0</atprecis><attscale Sync="TRUE">0</attscale></attr><attr><attrlabl Sync="TRUE">TYPE_ROCK</attrlabl><attalias Sync="TRUE">type_rock</attalias><attrtype Sync="TRUE">String</attrtype><attwidth Sync="TRUE">16</attwidth><atprecis Sync="TRUE">0</atprecis><attscale Sync="TRUE">0</attscale></attr><attr><attrlabl Sync="TRUE">NAME_ROCK</attrlabl><attalias Sync="TRUE">name_rock</attalias><attrtype Sync="TRUE">String</attrtype><attwidth Sync="TRUE">64</attwidth><atprecis Sync="TRUE">0</atprecis><attscale Sync="TRUE">0</attscale></attr><attr><attrlabl Sync="TRUE">MAGNETICS</attrlabl><attalias Sync="TRUE">magnetics</attalias><attrtype Sync="TRUE">String</attrtype><attwidth Sync="TRUE">16</attwidth><atprecis Sync="TRUE">0</atprecis><attscale Sync="TRUE">0</attscale></attr><attr><attrlabl Sync="TRUE">geol_grp</attrlabl><attalias Sync="TRUE">geol_grp</attalias><attrtype Sync="TRUE">String</attrtype><attwidth Sync="TRUE">64</attwidth><atprecis Sync="TRUE">0</atprecis><attscale Sync="TRUE">0</attscale></attr><attr><attrlabl Sync="TRUE">AGE</attrlabl><attalias Sync="TRUE">age</attalias><attrtype Sync="TRUE">String</attrtype><attwidth Sync="TRUE">32</attwidth><atprecis Sync="TRUE">0</atprecis><attscale Sync="TRUE">0</attscale></attr><attr><attrlabl Sync="TRUE">E_u83z20_m</attrlabl><attalias Sync="TRUE">E_u83z20_m</attalias><attrtype Sync="TRUE">Double</attrtype><attwidth Sync="TRUE">19</attwidth><atprecis Sync="TRUE">0</atprecis><attscale Sync="TRUE">0</attscale></attr><attr><attrlabl Sync="TRUE">N_u83z20_m</attrlabl><attalias Sync="TRUE">N_u83z20_m</attalias><attrtype Sync="TRUE">Double</attrtype><attwidth Sync="TRUE">19</attwidth><atprecis Sync="TRUE">0</atprecis><attscale Sync="TRUE">0</attscale></attr><attr><attrlabl Sync="TRUE">UTM_zone</attrlabl><attalias Sync="TRUE">utm_zone</attalias><attrtype Sync="TRUE">Integer</attrtype><attwidth Sync="TRUE">9</attwidth><atprecis Sync="TRUE">9</atprecis><attscale Sync="TRUE">0</attscale></attr><attr><attrlabl Sync="TRUE">dataset_id</attrlabl><attalias Sync="TRUE">dataset_id</attalias><attrtype Sync="TRUE">String</attrtype><attwidth Sync="TRUE">8</attwidth><atprecis Sync="TRUE">0</atprecis><attscale Sync="TRUE">0</attscale></attr><attr><attrlabl Sync="TRUE">LON_dd</attrlabl><attalias Sync="TRUE">LON_dd</attalias><attrtype Sync="TRUE">Double</attrtype><attwidth Sync="TRUE">19</attwidth><atprecis Sync="TRUE">0</atprecis><attscale Sync="TRUE">0</attscale></attr><attr><attrlabl Sync="TRUE">theme_id</attrlabl><attalias Sync="TRUE">theme_id</attalias><attrtype Sync="TRUE">String</attrtype><attwidth Sync="TRUE">8</attwidth><atprecis Sync="TRUE">0</atprecis><attscale Sync="TRUE">0</attscale></attr><attr><attrlabl Sync="TRUE">geologist</attrlabl><attalias Sync="TRUE">geologist</attalias><attrtype Sync="TRUE">String</attrtype><attwidth Sync="TRUE">32</attwidth><atprecis Sync="TRUE">0</atprecis><attscale Sync="TRUE">0</attscale></attr><attr><attrlabl Sync="TRUE">source_id</attrlabl><attalias Sync="TRUE">source_id</attalias><attrtype Sync="TRUE">Integer</attrtype><attwidth Sync="TRUE">9</attwidth><atprecis Sync="TRUE">9</atprecis><attscale Sync="TRUE">0</attscale></attr><attr><attrlabl Sync="TRUE">gcode</attrlabl><attalias Sync="TRUE">gcode</attalias><attrtype Sync="TRUE">String</attrtype><attwidth Sync="TRUE">32</attwidth><atprecis Sync="TRUE">0</atprecis><attscale Sync="TRUE">0</attscale></attr><attr><attrlabl Sync="TRUE">gcode_desc</attrlabl><attalias Sync="TRUE">gcode_desc</attalias><attrtype Sync="TRUE">String</attrtype><attwidth Sync="TRUE">96</attwidth><atprecis Sync="TRUE">0</atprecis><attscale Sync="TRUE">0</attscale></attr><attr><attrlabl Sync="TRUE">geo_id</attrlabl><attalias Sync="TRUE">geo_id</attalias><attrtype Sync="TRUE">Integer</attrtype><attwidth Sync="TRUE">9</attwidth><atprecis Sync="TRUE">9</atprecis><attscale Sync="TRUE">0</attscale></attr><attr><attrlabl Sync="TRUE">hotlink</attrlabl><attalias Sync="TRUE">hotlink</attalias><attrtype Sync="TRUE">String</attrtype><attwidth Sync="TRUE">254</attwidth><atprecis Sync="TRUE">0</atprecis><attscale Sync="TRUE">0</attscale></attr><attr><attrlabl Sync="TRUE">geo_num</attrlabl><attalias Sync="TRUE">geo_num</attalias><attrtype Sync="TRUE">String</attrtype><attwidth Sync="TRUE">32</attwidth><atprecis Sync="TRUE">0</atprecis><attscale Sync="TRUE">0</attscale></attr><attr><attrlabl Sync="TRUE">lat_dd</attrlabl><attalias Sync="TRUE">LAT_dd</attalias><attrtype Sync="TRUE">Double</attrtype><attwidth Sync="TRUE">19</attwidth><atprecis Sync="TRUE">0</atprecis><attscale Sync="TRUE">0</attscale></attr><attr><attrlabl Sync="TRUE">legend_id</attrlabl><attalias Sync="TRUE">legend_id</attalias><attrtype Sync="TRUE">Integer</attrtype><attwidth Sync="TRUE">9</attwidth><atprecis Sync="TRUE">9</atprecis><attscale Sync="TRUE">0</attscale></attr><attr><attrlabl Sync="TRUE">av_legend</attrlabl><attalias Sync="TRUE">av_legend</attalias><attrtype Sync="TRUE">String</attrtype><attwidth Sync="TRUE">254</attwidth><atprecis Sync="TRUE">0</atprecis><attscale Sync="TRUE">0</attscale></attr></detailed></eainfo><mdDateSt Sync="TRUE">20180227</mdDateSt></metadata>
