<metadata xml:lang="en"><Esri><CreaDate>20180221</CreaDate><CreaTime>09491800</CreaTime><ArcGISFormat>1.0</ArcGISFormat><SyncOnce>FALSE</SyncOnce><DataProperties><lineage><Process ToolSource="c:\program files (x86)\arcgis\desktop10.5\ArcToolbox\Toolboxes\Data Management Tools.tbx\CalculateField" Date="20180216" Time="140750">CalculateField d505wi_assaytables_all_JOINED Element !Analyte![0:1] PYTHON_9.3 #</Process><Process ToolSource="c:\program files (x86)\arcgis\desktop10.5\ArcToolbox\Toolboxes\Data Management Tools.tbx\CalculateField" Date="20180216" Time="140800">CalculateField d505wi_assaytables_all_JOINED Element !Analyte![0:2] PYTHON_9.3 #</Process><Process ToolSource="c:\program files (x86)\arcgis\desktop10.5\ArcToolbox\Toolboxes\Data Management Tools.tbx\CalculateField" Date="20180216" Time="140845">CalculateField d505wi_assaytables_all_JOINED Unit !Analyte![4:7] PYTHON_9.3 #</Process><Process ToolSource="c:\program files (x86)\arcgis\desktop10.5\ArcToolbox\Toolboxes\Data Management Tools.tbx\CalculateField" Date="20180216" Time="140857">CalculateField d505wi_assaytables_all_JOINED Unit !Analyte![3:6] PYTHON_9.3 #</Process><Process ToolSource="c:\program files (x86)\arcgis\desktop10.5\ArcToolbox\Toolboxes\Data Management Tools.tbx\CalculateField" Date="20180216" Time="141540">CalculateField d505wi_assaytables_all_JOINED Reportdate time.strftime('30/10/17') PYTHON_9.3 #</Process><Process ToolSource="c:\program files (x86)\arcgis\desktop10.5\ArcToolbox\Toolboxes\Data Management Tools.tbx\CalculateField" Date="20180216" Time="141557">CalculateField d505wi_assaytables_all_JOINED Reportdate time.strftime('30/10/2017') PYTHON_9.3 #</Process><Process ToolSource="c:\program files (x86)\arcgis\desktop10.5\ArcToolbox\Toolboxes\Data Management Tools.tbx\CalculateField" Date="20180216" Time="141611">CalculateField d505wi_assaytables_all_JOINED Reportdate time.strftime('10/30/2017') PYTHON_9.3 #</Process><Process ToolSource="c:\program files (x86)\arcgis\desktop10.5\ArcToolbox\Toolboxes\Data Management Tools.tbx\CalculateField" Date="20180216" Time="141635">CalculateField d505wi_assaytables_all_JOINED Reportdate time.strftime('10/30/2017') PYTHON_9.3 #</Process><Process ToolSource="c:\program files (x86)\arcgis\desktop10.5\ArcToolbox\Toolboxes\Data Management Tools.tbx\CalculateField" Date="20180216" Time="141822">CalculateField d505wi_assaytables_all_JOINED Cert_date str( !Reportdate!) PYTHON_9.3 #</Process></lineage><itemProps><itemLocation><linkage Sync="TRUE">file://\\filesrv1.prov.gov.ns.ca\shr-dnrgmbt\development_work\cobequids\warwick_mtn\d505wi_Warwick_Mtn_Litho_Geochem\shp\dbf\d505wifi_au_hg_assay_metadata.dbf</linkage><protocol Sync="TRUE">Local Area Network</protocol></itemLocation><itemName Sync="TRUE">d505wifi_au_hg_assay_metadata</itemName><imsContentType Sync="TRUE">002</imsContentType><itemSize Sync="TRUE">0.001</itemSize></itemProps></DataProperties><SyncDate>20180227</SyncDate><SyncTime>16524800</SyncTime><ModDate>20180227</ModDate><ModTime>16524800</ModTime></Esri><dataIdInfo><envirDesc Sync="TRUE">Microsoft Windows 7 Version 6.1 (Build 7601) Service Pack 1; Esri ArcGIS 10.2.0.3348</envirDesc><dataLang><languageCode value="eng" Sync="TRUE"></languageCode><countryCode value="USA" Sync="TRUE"></countryCode></dataLang><idCitation><resTitle Sync="TRUE">d505wifi_au_hg_assay_metadata</resTitle><presForm><PresFormCd value="011" Sync="TRUE"></PresFormCd></presForm></idCitation><spatRpType><SpatRepTypCd value="003" Sync="TRUE"></SpatRepTypCd></spatRpType></dataIdInfo><mdLang><languageCode value="eng" Sync="TRUE"></languageCode><countryCode value="USA" Sync="TRUE"></countryCode></mdLang><distInfo><distFormat><formatName Sync="TRUE">dBASE Table</formatName></distFormat><distTranOps><transSize Sync="TRUE">0.001</transSize></distTranOps></distInfo><mdHrLv><ScopeCd value="007" Sync="TRUE"></ScopeCd></mdHrLv><mdHrLvName Sync="TRUE">dataset</mdHrLvName><eainfo><detailed Name="d505wifi_au_hg_assay_metadata"><enttyp><enttypl Sync="TRUE">d505wifi_au_hg_assay_metadata</enttypl><enttypt Sync="TRUE">Table</enttypt><enttypc Sync="TRUE">0</enttypc></enttyp><attr><attrlabl Sync="TRUE">OID</attrlabl><attalias Sync="TRUE">OID</attalias><attrtype Sync="TRUE">OID</attrtype><attwidth Sync="TRUE">4</attwidth><atprecis Sync="TRUE">0</atprecis><attscale Sync="TRUE">0</attscale><attrdef Sync="TRUE">Internal feature number.</attrdef><attrdefs Sync="TRUE">Esri</attrdefs><attrdomv><udom Sync="TRUE">Sequential unique whole numbers that are automatically generated.</udom></attrdomv></attr><attr><attrlabl Sync="TRUE">STATI_NUM</attrlabl><attalias Sync="TRUE">STATI_NUM</attalias><attrtype Sync="TRUE">String</attrtype><attwidth Sync="TRUE">254</attwidth><atprecis Sync="TRUE">0</atprecis><attscale Sync="TRUE">0</attscale></attr><attr><attrlabl Sync="TRUE">Sample_No</attrlabl><attalias Sync="TRUE">Sample_No</attalias><attrtype Sync="TRUE">String</attrtype><attwidth Sync="TRUE">254</attwidth><atprecis Sync="TRUE">0</atprecis><attscale Sync="TRUE">0</attscale></attr><attr><attrlabl Sync="TRUE">Analyte</attrlabl><attalias Sync="TRUE">Analyte</attalias><attrtype Sync="TRUE">String</attrtype><attwidth Sync="TRUE">254</attwidth><atprecis Sync="TRUE">0</atprecis><attscale Sync="TRUE">0</attscale></attr><attr><attrlabl Sync="TRUE">Value</attrlabl><attalias Sync="TRUE">Value</attalias><attrtype Sync="TRUE">String</attrtype><attwidth Sync="TRUE">254</attwidth><atprecis Sync="TRUE">0</atprecis><attscale Sync="TRUE">0</attscale></attr><attr><attrlabl Sync="TRUE">Method</attrlabl><attalias Sync="TRUE">Method</attalias><attrtype Sync="TRUE">String</attrtype><attwidth Sync="TRUE">254</attwidth><atprecis Sync="TRUE">0</atprecis><attscale Sync="TRUE">0</attscale></attr><attr><attrlabl Sync="TRUE">DetectnLmt</attrlabl><attalias Sync="TRUE">DetectnLmt</attalias><attrtype Sync="TRUE">String</attrtype><attwidth Sync="TRUE">254</attwidth><atprecis Sync="TRUE">0</atprecis><attscale Sync="TRUE">0</attscale></attr><attr><attrlabl Sync="TRUE">Cert_Src</attrlabl><attalias Sync="TRUE">Cert_Src</attalias><attrtype Sync="TRUE">String</attrtype><attwidth Sync="TRUE">254</attwidth><atprecis Sync="TRUE">0</atprecis><attscale Sync="TRUE">0</attscale></attr><attr><attrlabl Sync="TRUE">Smplwght_g</attrlabl><attalias Sync="TRUE">Smplwght_g</attalias><attrtype Sync="TRUE">Integer</attrtype><attwidth Sync="TRUE">9</attwidth><atprecis Sync="TRUE">9</atprecis><attscale Sync="TRUE">0</attscale></attr><attr><attrlabl Sync="TRUE">Crshwght_g</attrlabl><attalias Sync="TRUE">Crshwght_g</attalias><attrtype Sync="TRUE">Integer</attrtype><attwidth Sync="TRUE">9</attwidth><atprecis Sync="TRUE">9</atprecis><attscale Sync="TRUE">0</attscale></attr><attr><attrlabl Sync="TRUE">Reportdate</attrlabl><attalias Sync="TRUE">Reportdate</attalias><attrtype Sync="TRUE">Date</attrtype><attwidth Sync="TRUE">8</attwidth><atprecis Sync="TRUE">0</atprecis><attscale Sync="TRUE">0</attscale></attr><attr><attrlabl Sync="TRUE">E_u83z20_m</attrlabl><attalias Sync="TRUE">E_u83z20_m</attalias><attrtype Sync="TRUE">Double</attrtype><attwidth Sync="TRUE">19</attwidth><atprecis Sync="TRUE">0</atprecis><attscale Sync="TRUE">0</attscale></attr><attr><attrlabl Sync="TRUE">N_u83z20_m</attrlabl><attalias Sync="TRUE">N_u83z20_m</attalias><attrtype Sync="TRUE">Double</attrtype><attwidth Sync="TRUE">19</attwidth><atprecis Sync="TRUE">0</atprecis><attscale Sync="TRUE">0</attscale></attr><attr><attrlabl Sync="TRUE">LAT_dd</attrlabl><attalias Sync="TRUE">LAT_dd</attalias><attrtype Sync="TRUE">Double</attrtype><attwidth Sync="TRUE">19</attwidth><atprecis Sync="TRUE">0</atprecis><attscale Sync="TRUE">0</attscale></attr><attr><attrlabl Sync="TRUE">LONG_dd</attrlabl><attalias Sync="TRUE">LONG_dd</attalias><attrtype Sync="TRUE">Double</attrtype><attwidth Sync="TRUE">19</attwidth><atprecis Sync="TRUE">0</atprecis><attscale Sync="TRUE">0</attscale></attr><attr><attrlabl Sync="TRUE">UTM_zone</attrlabl><attalias Sync="TRUE">UTM_zone</attalias><attrtype Sync="TRUE">Double</attrtype><attwidth Sync="TRUE">19</attwidth><atprecis Sync="TRUE">0</atprecis><attscale Sync="TRUE">0</attscale></attr><attr><attrlabl Sync="TRUE">Element</attrlabl><attalias Sync="TRUE">Element</attalias><attrtype Sync="TRUE">String</attrtype><attwidth Sync="TRUE">5</attwidth><atprecis Sync="TRUE">0</atprecis><attscale Sync="TRUE">0</attscale></attr><attr><attrlabl Sync="TRUE">Unit</attrlabl><attalias Sync="TRUE">Unit</attalias><attrtype Sync="TRUE">String</attrtype><attwidth Sync="TRUE">5</attwidth><atprecis Sync="TRUE">0</atprecis><attscale Sync="TRUE">0</attscale></attr><attr><attrlabl Sync="TRUE">Cert_date</attrlabl><attalias Sync="TRUE">Cert_date</attalias><attrtype Sync="TRUE">String</attrtype><attwidth Sync="TRUE">50</attwidth><atprecis Sync="TRUE">0</atprecis><attscale Sync="TRUE">0</attscale></attr></detailed></eainfo><mdDateSt Sync="TRUE">20180227</mdDateSt></metadata>
