<?xml version="1.0" encoding="UTF-8"?>
<metadata xml:lang="en"><Esri><CreaDate>20180228</CreaDate><CreaTime>14090200</CreaTime><ArcGISFormat>1.0</ArcGISFormat><SyncOnce>FALSE</SyncOnce><DataProperties><lineage><Process ToolSource="c:\program files (x86)\arcgis\desktop10.5\ArcToolbox\Toolboxes\Data Management Tools.tbx\CalculateField" Date="20180209" Time="151623">CalculateField d505wi_au_hg_assay_sample_wts dataset_id 'd505wi' PYTHON_9.3 #</Process><Process ToolSource="c:\program files (x86)\arcgis\desktop10.5\ArcToolbox\Toolboxes\Data Management Tools.tbx\CalculateField" Date="20180209" Time="151647">CalculateField d505wi_au_hg_assay_sample_wts geologist 'TMH' PYTHON_9.3 #</Process><Process ToolSource="c:\program files (x86)\arcgis\desktop10.5\ArcToolbox\Toolboxes\Data Management Tools.tbx\CalculateField" Date="20180209" Time="151709">CalculateField d505wi_au_hg_assay_sample_wts hotlink 'No_Hotlink' PYTHON_9.3 #</Process><Process Name="Clip" ToolSource="c:\program files (x86)\arcgis\desktop10.5\ArcToolbox\Toolboxes\Analysis Tools.tbx\Clip" Date="20180212" Time="084059">Clip d505wi_au_hg_assay_sample_wts closure_polygon T:\development_work\cobequids\Trevor_Bedrock_Geology\courtney\!cm_working\d504wi_warwick_mtn_litho_geochem.gdb\d505wi_au_hg_assay_sample_wts_clip #</Process><Process ToolSource="c:\program files (x86)\arcgis\desktop10.5\ArcToolbox\Toolboxes\Data Management Tools.tbx\CalculateField" Date="20180223" Time="095452">CalculateField d505wifi_lab_analyses_fire_assay stati_num_1 [stati_num] VB #</Process><Process ToolSource="c:\program files (x86)\arcgis\desktop10.5\ArcToolbox\Toolboxes\Data Management Tools.tbx\CalculateField" Date="20180223" Time="095532">CalculateField d505wifi_lab_analyses_fire_assay stati_num [stati_num_1] VB #</Process><Process ToolSource="c:\program files (x86)\arcgis\desktop10.5\ArcToolbox\Toolboxes\Data Management Tools.tbx\CalculateField" Date="20180223" Time="095632">CalculateField d505wifi_lab_analyses_fire_assay Sample_No_1 [Sample_No] VB #</Process><Process ToolSource="c:\program files (x86)\arcgis\desktop10.5\ArcToolbox\Toolboxes\Data Management Tools.tbx\CalculateField" Date="20180223" Time="101148">CalculateField d505wifi_lab_analyses_fire_assay Sample_No [Sample_No_1] VB #</Process><Process ToolSource="c:\program files (x86)\arcgis\desktop10.5\ArcToolbox\Toolboxes\Data Management Tools.tbx\CalculateField" Date="20180223" Time="102524">CalculateField d505wifi_lab_analyses_fire_assay E_u83z20_m [UTM_E_X] VB #</Process><Process ToolSource="c:\program files (x86)\arcgis\desktop10.5\ArcToolbox\Toolboxes\Data Management Tools.tbx\CalculateField" Date="20180223" Time="102558">CalculateField d505wifi_lab_analyses_fire_assay N_u83z20_m [UTM_N_Y] VB #</Process><Process ToolSource="c:\program files (x86)\arcgis\desktop10.5\ArcToolbox\Toolboxes\Data Management Tools.tbx\CalculateField" Date="20180223" Time="102643">CalculateField d505wifi_lab_analyses_fire_assay LAT_dd_1 [lat_dd] VB #</Process><Process ToolSource="c:\program files (x86)\arcgis\desktop10.5\ArcToolbox\Toolboxes\Data Management Tools.tbx\CalculateField" Date="20180223" Time="102718">CalculateField d505wifi_lab_analyses_fire_assay LAT_dd [LAT_dd_1] VB #</Process><Process ToolSource="c:\program files (x86)\arcgis\desktop10.5\ArcToolbox\Toolboxes\Data Management Tools.tbx\CalculateField" Date="20180223" Time="102745">CalculateField d505wifi_lab_analyses_fire_assay LON_dd [long_dd] VB #</Process><Process ToolSource="c:\program files (x86)\arcgis\desktop10.5\ArcToolbox\Toolboxes\Data Management Tools.tbx\CalculateField" Date="20180223" Time="103312">CalculateField d505wifi_lab_analyses_fire_assay cert_link1 "A17-11275Cert&amp;Res.pdf" VB #</Process><Process ToolSource="c:\program files (x86)\arcgis\desktop10.5\ArcToolbox\Toolboxes\Data Management Tools.tbx\CalculateField" Date="20180223" Time="103345">CalculateField d505wifi_lab_analyses_fire_assay cert_link1 [cert_link] VB #</Process><Process ToolSource="c:\program files (x86)\arcgis\desktop10.5\ArcToolbox\Toolboxes\Data Management Tools.tbx\CalculateField" Date="20180223" Time="103456">CalculateField d505wifi_lab_analyses_fire_assay cert_link2 "A15-10068cert&amp;res.pdf" VB #</Process><Process ToolSource="c:\program files (x86)\arcgis\desktop10.5\ArcToolbox\Toolboxes\Data Management Tools.tbx\CalculateField" Date="20180223" Time="103526">CalculateField d505wifi_lab_analyses_fire_assay cert_link2 "A11-13057Cert&amp;Res.pdf" VB #</Process><Process ToolSource="c:\program files (x86)\arcgis\desktop10.5\ArcToolbox\Toolboxes\Data Management Tools.tbx\CalculateField" Date="20180223" Time="103606">CalculateField d505wifi_lab_analyses_fire_assay cert_link2 "none" VB #</Process><Process ToolSource="c:\program files (x86)\arcgis\desktop10.5\ArcToolbox\Toolboxes\Data Management Tools.tbx\CalculateField" Date="20180223" Time="105346">CalculateField d505wifi_lab_analyses_fire_assay Cert_No [cert_link] VB #</Process><Process ToolSource="c:\program files (x86)\arcgis\desktop10.5\ArcToolbox\Toolboxes\Data Management Tools.tbx\CalculateField" Date="20180223" Time="105509">CalculateField d505wifi_lab_analyses_fire_assay Cert_No [cert_link] VB #</Process><Process ToolSource="c:\program files (x86)\arcgis\desktop10.5\ArcToolbox\Toolboxes\Data Management Tools.tbx\CalculateField" Date="20180223" Time="111859">CalculateField d505wifi_lab_analyses_fire_assay Au_Method "FA-AA" VB #</Process><Process ToolSource="c:\program files (x86)\arcgis\desktop10.5\ArcToolbox\Toolboxes\Data Management Tools.tbx\CalculateField" Date="20180223" Time="111920">CalculateField d505wifi_lab_analyses_fire_assay Au_Method "FA-INAA" VB #</Process><Process ToolSource="c:\program files (x86)\arcgis\desktop10.5\ArcToolbox\Toolboxes\Data Management Tools.tbx\CalculateField" Date="20180223" Time="111957">CalculateField d505wifi_lab_analyses_fire_assay Hg_Method "1G" VB #</Process><Process ToolSource="c:\program files (x86)\arcgis\desktop10.5\ArcToolbox\Toolboxes\Data Management Tools.tbx\CalculateField" Date="20180223" Time="113457">CalculateField d505wifi_lab_analyses_fire_assay Lwr_DL_Au [Au_ppb] VB #</Process><Process ToolSource="c:\program files (x86)\arcgis\desktop10.5\ArcToolbox\Toolboxes\Data Management Tools.tbx\CalculateField" Date="20180223" Time="113503">CalculateField d505wifi_lab_analyses_fire_assay Lwr_DL_Au [Au_Detection_Limit] VB #</Process><Process ToolSource="c:\program files (x86)\arcgis\desktop10.5\ArcToolbox\Toolboxes\Data Management Tools.tbx\CalculateField" Date="20180223" Time="113559">CalculateField d505wifi_lab_analyses_fire_assay Lwr_DL_Hg [Hg_Detection_Limit] VB #</Process><Process ToolSource="c:\program files (x86)\arcgis\desktop10.5\ArcToolbox\Toolboxes\Data Management Tools.tbx\CalculateField" Date="20180223" Time="113638">CalculateField d505wifi_lab_analyses_fire_assay Au_ppb_1 [Au_ppb] VB #</Process><Process ToolSource="c:\program files (x86)\arcgis\desktop10.5\ArcToolbox\Toolboxes\Data Management Tools.tbx\CalculateField" Date="20180223" Time="113704">CalculateField d505wifi_lab_analyses_fire_assay Au_ppb [Au_ppb_1] VB #</Process><Process ToolSource="c:\program files (x86)\arcgis\desktop10.5\ArcToolbox\Toolboxes\Data Management Tools.tbx\CalculateField" Date="20180223" Time="113728">CalculateField d505wifi_lab_analyses_fire_assay Hg_ppb_1 [Hg_ppb] VB #</Process><Process ToolSource="c:\program files (x86)\arcgis\desktop10.5\ArcToolbox\Toolboxes\Data Management Tools.tbx\CalculateField" Date="20180223" Time="113758">CalculateField d505wifi_lab_analyses_fire_assay Hg_ppb [Hg_ppb_1] VB #</Process><Process ToolSource="c:\program files (x86)\arcgis\desktop10.5\ArcToolbox\Toolboxes\Data Management Tools.tbx\CalculateField" Date="20180223" Time="113957">CalculateField d505wifi_lab_analyses_fire_assay smpl_wt_g [Sample_wt] VB #</Process><Process ToolSource="c:\program files (x86)\arcgis\desktop10.5\ArcToolbox\Toolboxes\Data Management Tools.tbx\CalculateField" Date="20180223" Time="114035">CalculateField d505wifi_lab_analyses_fire_assay crush_wt_g [Crush_wt] VB #</Process><Process ToolSource="c:\program files (x86)\arcgis\desktop10.5\ArcToolbox\Toolboxes\Data Management Tools.tbx\CalculateField" Date="20180223" Time="114135">CalculateField d505wifi_lab_analyses_fire_assay dataset_id_1 [dataset_id] VB #</Process><Process ToolSource="c:\program files (x86)\arcgis\desktop10.5\ArcToolbox\Toolboxes\Data Management Tools.tbx\CalculateField" Date="20180223" Time="114208">CalculateField d505wifi_lab_analyses_fire_assay dataset_id [dataset_id_1] VB #</Process><Process ToolSource="c:\program files (x86)\arcgis\desktop10.5\ArcToolbox\Toolboxes\Data Management Tools.tbx\CalculateField" Date="20180223" Time="130235">CalculateField d505wifi_lab_analyses_fire_assay theme_id "fi" VB #</Process><Process ToolSource="c:\program files (x86)\arcgis\desktop10.5\ArcToolbox\Toolboxes\Data Management Tools.tbx\CalculateField" Date="20180223" Time="140827">CalculateField d505wifi_lab_analyses_fire_assay geologist_1 [geologist] VB #</Process><Process ToolSource="c:\program files (x86)\arcgis\desktop10.5\ArcToolbox\Toolboxes\Data Management Tools.tbx\CalculateField" Date="20180223" Time="141541">CalculateField d505wifi_lab_analyses_fire_assay geologist [geologist_1] VB #</Process><Process ToolSource="c:\program files (x86)\arcgis\desktop10.5\ArcToolbox\Toolboxes\Data Management Tools.tbx\CalculateField" Date="20180223" Time="141623">CalculateField d505wifi_lab_analyses_fire_assay source_id 10950 VB #</Process><Process ToolSource="c:\program files (x86)\arcgis\desktop10.5\ArcToolbox\Toolboxes\Data Management Tools.tbx\CalculateField" Date="20180223" Time="144109">CalculateField d505wifi_lab_analyses_fire_assay gcode "GEOCHEM_AU_HG" VB #</Process><Process ToolSource="c:\program files (x86)\arcgis\desktop10.5\ArcToolbox\Toolboxes\Data Management Tools.tbx\CalculateField" Date="20180223" Time="144433">CalculateField d505wifi_lab_analyses_fire_assay gcode_desc "Goechemistry - Au - Fire assay INAA, Hg - IG-Hg CV Hg-Cold Vapour (Hg Analyzer)" VB #</Process><Process ToolSource="c:\program files (x86)\arcgis\desktop10.5\ArcToolbox\Toolboxes\Data Management Tools.tbx\CalculateField" Date="20180223" Time="144501">CalculateField d505wifi_lab_analyses_fire_assay gcode_desc "Geochemistry - Au - Fire assay INAA, Hg - IG-Hg CV Hg-Cold Vapour (Hg Analyzer)" VB #</Process><Process ToolSource="c:\program files (x86)\arcgis\desktop10.5\ArcToolbox\Toolboxes\Data Management Tools.tbx\CalculateField" Date="20180223" Time="144653">CalculateField d505wifi_lab_analyses_fire_assay geo_id autoIncrement() PYTHON_9.3 "ec=0 \ndef autoIncrement(): \n global rec \n pStart = 1  \n pInterval = 1 \n if (rec == 0):  \n  rec = pStart  \n else:  \n  rec += pInterval  \n return rec"</Process><Process ToolSource="c:\program files (x86)\arcgis\desktop10.5\ArcToolbox\Toolboxes\Data Management Tools.tbx\CalculateField" Date="20180223" Time="144727">CalculateField d505wifi_lab_analyses_fire_assay geo_id autoIncrement() PYTHON_9.3 "rec=0 \ndef autoIncrement(): \n global rec \n pStart = 1  \n pInterval = 1 \n if (rec == 0):  \n  rec = pStart  \n else:  \n  rec += pInterval  \n return rec"</Process><Process ToolSource="c:\program files (x86)\arcgis\desktop10.5\ArcToolbox\Toolboxes\Data Management Tools.tbx\CalculateField" Date="20180223" Time="144846">CalculateField d505wifi_lab_analyses_fire_assay geo_num "[dataset_id] &amp; [theme_id] &amp; "-" &amp; [geo_id]" VB #</Process><Process ToolSource="c:\program files (x86)\arcgis\desktop10.5\ArcToolbox\Toolboxes\Data Management Tools.tbx\CalculateField" Date="20180223" Time="144926">CalculateField d505wifi_lab_analyses_fire_assay hotlink "none" VB #</Process><Process ToolSource="c:\program files (x86)\arcgis\desktop10.5\ArcToolbox\Toolboxes\Data Management Tools.tbx\CalculateField" Date="20180223" Time="145018">CalculateField d505wifi_lab_analyses_fire_assay Report [Report_name] VB #</Process><Process ToolSource="c:\program files (x86)\arcgis\desktop10.5\ArcToolbox\Toolboxes\Data Management Tools.tbx\CalculateField" Date="20180227" Time="201641">CalculateField Assays_Au geologist 'TGM' PYTHON_9.3 #</Process></lineage><itemProps><itemName Sync="TRUE">d505wi_au_hg_assay_sample_wts_clip</itemName><imsContentType Sync="TRUE">002</imsContentType><itemLocation><linkage Sync="TRUE">file://\\filesrv1.prov.gov.ns.ca\shr-dnrgmbt\development_work\Cobequids_Denise\d505wi\!cm_working\gdb\d505wi_warwick_mtn_litho_geochem.gdb</linkage><protocol Sync="TRUE">Local Area Network</protocol></itemLocation></itemProps><coordRef><type Sync="TRUE">Projected</type><geogcsn Sync="TRUE">GCS_North_American_1983_CSRS</geogcsn><csUnits Sync="TRUE">Linear Unit: Meter (1.000000)</csUnits><projcsn Sync="TRUE">NAD_1983_CSRS_UTM_Zone_20N</projcsn><peXml Sync="TRUE">&lt;ProjectedCoordinateSystem xsi:type='typens:ProjectedCoordinateSystem' xmlns:xsi='http://www.w3.org/2001/XMLSchema-instance' xmlns:xs='http://www.w3.org/2001/XMLSchema' xmlns:typens='http://www.esri.com/schemas/ArcGIS/10.5'&gt;&lt;WKT&gt;PROJCS[&amp;quot;NAD_1983_CSRS_UTM_Zone_20N&amp;quot;,GEOGCS[&amp;quot;GCS_North_American_1983_CSRS&amp;quot;,DATUM[&amp;quot;D_North_American_1983_CSRS&amp;quot;,SPHEROID[&amp;quot;GRS_1980&amp;quot;,6378137.0,298.257222101]],PRIMEM[&amp;quot;Greenwich&amp;quot;,0.0],UNIT[&amp;quot;Degree&amp;quot;,0.0174532925199433]],PROJECTION[&amp;quot;Transverse_Mercator&amp;quot;],PARAMETER[&amp;quot;False_Easting&amp;quot;,500000.0],PARAMETER[&amp;quot;False_Northing&amp;quot;,0.0],PARAMETER[&amp;quot;Central_Meridian&amp;quot;,-63.0],PARAMETER[&amp;quot;Scale_Factor&amp;quot;,0.9996],PARAMETER[&amp;quot;Latitude_Of_Origin&amp;quot;,0.0],UNIT[&amp;quot;Meter&amp;quot;,1.0],AUTHORITY[&amp;quot;EPSG&amp;quot;,2961]]&lt;/WKT&gt;&lt;XOrigin&gt;-5120900&lt;/XOrigin&gt;&lt;YOrigin&gt;-9998100&lt;/YOrigin&gt;&lt;XYScale&gt;10000&lt;/XYScale&gt;&lt;ZOrigin&gt;-100000&lt;/ZOrigin&gt;&lt;ZScale&gt;10000&lt;/ZScale&gt;&lt;MOrigin&gt;-100000&lt;/MOrigin&gt;&lt;MScale&gt;10000&lt;/MScale&gt;&lt;XYTolerance&gt;0.001&lt;/XYTolerance&gt;&lt;ZTolerance&gt;0.001&lt;/ZTolerance&gt;&lt;MTolerance&gt;0.001&lt;/MTolerance&gt;&lt;HighPrecision&gt;true&lt;/HighPrecision&gt;&lt;WKID&gt;2038&lt;/WKID&gt;&lt;LatestWKID&gt;2961&lt;/LatestWKID&gt;&lt;/ProjectedCoordinateSystem&gt;</peXml></coordRef></DataProperties><SyncDate>20180212</SyncDate><SyncTime>08405900</SyncTime><ModDate>20180212</ModDate><ModTime>08405900</ModTime><ArcGISstyle>FGDC CSDGM Metadata</ArcGISstyle></Esri><dataIdInfo><envirDesc Sync="TRUE">Microsoft Windows 7 Version 6.1 (Build 7601) Service Pack 1; Esri ArcGIS 10.5.0.6491</envirDesc><dataLang><languageCode value="eng" Sync="TRUE"></languageCode><countryCode value="USA" Sync="TRUE"></countryCode></dataLang><idCitation><resTitle Sync="TRUE">d505wi_au_hg_assay_sample_wts_clip</resTitle><presForm><PresFormCd value="005" Sync="TRUE"></PresFormCd></presForm></idCitation><spatRpType><SpatRepTypCd value="001" Sync="TRUE"></SpatRepTypCd></spatRpType></dataIdInfo><mdLang><languageCode value="eng" Sync="TRUE"></languageCode><countryCode value="USA" Sync="TRUE"></countryCode></mdLang><distInfo><distFormat><formatName Sync="TRUE">File Geodatabase Feature Class</formatName></distFormat></distInfo><mdHrLv><ScopeCd value="005" Sync="TRUE"></ScopeCd></mdHrLv><mdHrLvName Sync="TRUE">dataset</mdHrLvName><refSysInfo><RefSystem><refSysID><identCode code="2961" Sync="TRUE"></identCode><idCodeSpace Sync="TRUE">EPSG</idCodeSpace><idVersion Sync="TRUE">6.13(9.3.0.0)</idVersion></refSysID></RefSystem></refSysInfo><spatRepInfo><VectSpatRep><geometObjs Name="d505wi_au_hg_assay_sample_wts_clip"><geoObjTyp><GeoObjTypCd value="004" Sync="TRUE"></GeoObjTypCd></geoObjTyp><geoObjCnt Sync="TRUE">0</geoObjCnt></geometObjs><topLvl><TopoLevCd value="001" Sync="TRUE"></TopoLevCd></topLvl></VectSpatRep></spatRepInfo><spdoinfo><ptvctinf><esriterm Name="d505wi_au_hg_assay_sample_wts_clip"><efeatyp Sync="TRUE">Simple</efeatyp><efeageom code="1" Sync="TRUE"></efeageom><esritopo Sync="TRUE">FALSE</esritopo><efeacnt Sync="TRUE">0</efeacnt><spindex Sync="TRUE">TRUE</spindex><linrefer Sync="TRUE">FALSE</linrefer></esriterm></ptvctinf></spdoinfo><eainfo><detailed Name="d505wi_au_hg_assay_sample_wts_clip"><enttyp><enttypl Sync="TRUE">d505wi_au_hg_assay_sample_wts_clip</enttypl><enttypt Sync="TRUE">Feature Class</enttypt><enttypc Sync="TRUE">0</enttypc></enttyp><attr><attrlabl Sync="TRUE">OBJECTID</attrlabl><attalias Sync="TRUE">OBJECTID</attalias><attrtype Sync="TRUE">OID</attrtype><attwidth Sync="TRUE">4</attwidth><atprecis Sync="TRUE">0</atprecis><attscale Sync="TRUE">0</attscale><attrdef Sync="TRUE">Internal feature number.</attrdef><attrdefs Sync="TRUE">Esri</attrdefs><attrdomv><udom Sync="TRUE">Sequential unique whole numbers that are automatically generated.</udom></attrdomv></attr><attr><attrlabl Sync="TRUE">Shape</attrlabl><attalias Sync="TRUE">Shape</attalias><attrtype Sync="TRUE">Geometry</attrtype><attwidth Sync="TRUE">0</attwidth><atprecis Sync="TRUE">0</atprecis><attscale Sync="TRUE">0</attscale><attrdef Sync="TRUE">Feature geometry.</attrdef><attrdefs Sync="TRUE">Esri</attrdefs><attrdomv><udom Sync="TRUE">Coordinates defining the features.</udom></attrdomv></attr><attr><attrlabl Sync="TRUE">stati_num</attrlabl><attalias Sync="TRUE">stati_num</attalias><attrtype Sync="TRUE">String</attrtype><attwidth Sync="TRUE">255</attwidth><atprecis Sync="TRUE">0</atprecis><attscale Sync="TRUE">0</attscale></attr><attr><attrlabl Sync="TRUE">Sample_No</attrlabl><attalias Sync="TRUE">SAMPLE_NO</attalias><attrtype Sync="TRUE">String</attrtype><attwidth Sync="TRUE">255</attwidth><atprecis Sync="TRUE">0</atprecis><attscale Sync="TRUE">0</attscale></attr><attr><attrlabl Sync="TRUE">Au_ppb</attrlabl><attalias Sync="TRUE">Au_ppb</attalias><attrtype Sync="TRUE">Double</attrtype><attwidth Sync="TRUE">8</attwidth><atprecis Sync="TRUE">0</atprecis><attscale Sync="TRUE">0</attscale></attr><attr><attrlabl Sync="TRUE">Hg_ppb</attrlabl><attalias Sync="TRUE">Hg_ppb</attalias><attrtype Sync="TRUE">Double</attrtype><attwidth Sync="TRUE">8</attwidth><atprecis Sync="TRUE">0</atprecis><attscale Sync="TRUE">0</attscale></attr><attr><attrlabl Sync="TRUE">Analysis_Method</attrlabl><attalias Sync="TRUE">Analysis_Method</attalias><attrtype Sync="TRUE">String</attrtype><attwidth Sync="TRUE">255</attwidth><atprecis Sync="TRUE">0</atprecis><attscale Sync="TRUE">0</attscale></attr><attr><attrlabl Sync="TRUE">Au_Detection_Limit</attrlabl><attalias Sync="TRUE">Au_Detection_Limit</attalias><attrtype Sync="TRUE">Integer</attrtype><attwidth Sync="TRUE">4</attwidth><atprecis Sync="TRUE">0</atprecis><attscale Sync="TRUE">0</attscale></attr><attr><attrlabl Sync="TRUE">Hg_Detection_Limit</attrlabl><attalias Sync="TRUE">Hg_Detection_Limit</attalias><attrtype Sync="TRUE">Integer</attrtype><attwidth Sync="TRUE">4</attwidth><atprecis Sync="TRUE">0</atprecis><attscale Sync="TRUE">0</attscale></attr><attr><attrlabl Sync="TRUE">UTM_E_X</attrlabl><attalias Sync="TRUE">UTM_E_X</attalias><attrtype Sync="TRUE">Double</attrtype><attwidth Sync="TRUE">8</attwidth><atprecis Sync="TRUE">0</atprecis><attscale Sync="TRUE">0</attscale></attr><attr><attrlabl Sync="TRUE">UTM_N_Y</attrlabl><attalias Sync="TRUE">UTM_N_Y</attalias><attrtype Sync="TRUE">Double</attrtype><attwidth Sync="TRUE">8</attwidth><atprecis Sync="TRUE">0</atprecis><attscale Sync="TRUE">0</attscale></attr><attr><attrlabl Sync="TRUE">dataset_id</attrlabl><attalias Sync="TRUE">dataset_id</attalias><attrtype Sync="TRUE">String</attrtype><attwidth Sync="TRUE">8</attwidth><atprecis Sync="TRUE">0</atprecis><attscale Sync="TRUE">0</attscale></attr><attr><attrlabl Sync="TRUE">theme_id</attrlabl><attalias Sync="TRUE">theme_id</attalias><attrtype Sync="TRUE">String</attrtype><attwidth Sync="TRUE">8</attwidth><atprecis Sync="TRUE">0</atprecis><attscale Sync="TRUE">0</attscale></attr><attr><attrlabl Sync="TRUE">geologist</attrlabl><attalias Sync="TRUE">geologist</attalias><attrtype Sync="TRUE">String</attrtype><attwidth Sync="TRUE">32</attwidth><atprecis Sync="TRUE">0</atprecis><attscale Sync="TRUE">0</attscale></attr><attr><attrlabl Sync="TRUE">source_id</attrlabl><attalias Sync="TRUE">source_id</attalias><attrtype Sync="TRUE">Integer</attrtype><attwidth Sync="TRUE">4</attwidth><atprecis Sync="TRUE">0</atprecis><attscale Sync="TRUE">0</attscale></attr><attr><attrlabl Sync="TRUE">gcode</attrlabl><attalias Sync="TRUE">gcode</attalias><attrtype Sync="TRUE">String</attrtype><attwidth Sync="TRUE">32</attwidth><atprecis Sync="TRUE">0</atprecis><attscale Sync="TRUE">0</attscale></attr><attr><attrlabl Sync="TRUE">gcode_desc</attrlabl><attalias Sync="TRUE">gcode_desc</attalias><attrtype Sync="TRUE">String</attrtype><attwidth Sync="TRUE">96</attwidth><atprecis Sync="TRUE">0</atprecis><attscale Sync="TRUE">0</attscale></attr><attr><attrlabl Sync="TRUE">geo_id</attrlabl><attalias Sync="TRUE">geo_id</attalias><attrtype Sync="TRUE">Integer</attrtype><attwidth Sync="TRUE">4</attwidth><atprecis Sync="TRUE">0</atprecis><attscale Sync="TRUE">0</attscale></attr><attr><attrlabl Sync="TRUE">hotlink</attrlabl><attalias Sync="TRUE">hotlink</attalias><attrtype Sync="TRUE">String</attrtype><attwidth Sync="TRUE">254</attwidth><atprecis Sync="TRUE">0</atprecis><attscale Sync="TRUE">0</attscale></attr><attr><attrlabl Sync="TRUE">notes</attrlabl><attalias Sync="TRUE">notes</attalias><attrtype Sync="TRUE">String</attrtype><attwidth Sync="TRUE">254</attwidth><atprecis Sync="TRUE">0</atprecis><attscale Sync="TRUE">0</attscale></attr><attr><attrlabl Sync="TRUE">lat_dd</attrlabl><attalias Sync="TRUE">lat_dd</attalias><attrtype Sync="TRUE">Double</attrtype><attwidth Sync="TRUE">8</attwidth><atprecis Sync="TRUE">0</atprecis><attscale Sync="TRUE">0</attscale></attr><attr><attrlabl Sync="TRUE">long_dd</attrlabl><attalias Sync="TRUE">long_dd</attalias><attrtype Sync="TRUE">Double</attrtype><attwidth Sync="TRUE">8</attwidth><atprecis Sync="TRUE">0</atprecis><attscale Sync="TRUE">0</attscale></attr><attr><attrlabl Sync="TRUE">comments</attrlabl><attalias Sync="TRUE">comments</attalias><attrtype Sync="TRUE">String</attrtype><attwidth Sync="TRUE">254</attwidth><atprecis Sync="TRUE">0</atprecis><attscale Sync="TRUE">0</attscale></attr><attr><attrlabl Sync="TRUE">cert_link</attrlabl><attalias Sync="TRUE">cert_link</attalias><attrtype Sync="TRUE">String</attrtype><attwidth Sync="TRUE">128</attwidth><atprecis Sync="TRUE">0</atprecis><attscale Sync="TRUE">0</attscale></attr><attr><attrlabl Sync="TRUE">Sample_wt</attrlabl><attalias Sync="TRUE">Sample weight (g)</attalias><attrtype Sync="TRUE">Integer</attrtype><attwidth Sync="TRUE">4</attwidth><atprecis Sync="TRUE">0</atprecis><attscale Sync="TRUE">0</attscale></attr><attr><attrlabl Sync="TRUE">Crush_wt</attrlabl><attalias Sync="TRUE">Crush weight (g)</attalias><attrtype Sync="TRUE">Integer</attrtype><attwidth Sync="TRUE">4</attwidth><atprecis Sync="TRUE">0</atprecis><attscale Sync="TRUE">0</attscale></attr><attr><attrlabl Sync="TRUE">Report_name</attrlabl><attalias Sync="TRUE">Report name</attalias><attrtype Sync="TRUE">String</attrtype><attwidth Sync="TRUE">255</attwidth><atprecis Sync="TRUE">0</atprecis><attscale Sync="TRUE">0</attscale></attr></detailed></eainfo><mdDateSt Sync="TRUE">20180212</mdDateSt></metadata>
