﻿OBJECTID *,Shape *,stati_num,Sample_No,E_u83z20_m,N_u83z20_m,LAT_dd,LON_dd,Cert_No,Au_Method,Hg_Method,Lwr_DL_Au,Lwr_DL_Hg,Au_ppb,Hg_ppb,smpl_wt_g,crush_wt_g,dataset_id,theme_id,geologist,source_id,gcode,gcode_desc,geo_id,geo_num,hotlink,Report
1,Point,15GB0005,15GB0005 ,471995.369,5048818.347,45.592343,-63.359038,"A17-11275Cert&Res.pdf, A15-10068cert&res.pdf",FA-INAA,1G,1,5,2,18,900,250,d505wi,fi,TGM,10950,GEOCHEM_AU_HG,"Geochemistry - Au - Fire assay INAA, Hg - IG-Hg CV Hg-Cold Vapour (Hg Analyzer)",1,d505wifi-1,none,A15-10068Final
2,Point,15GB0007,15GB0007 ,471858.3001,5048618.016,45.590535,-63.360784,"A17-11275Cert&Res.pdf, A15-10068cert&res.pdf",FA-INAA,1G,1,5,1,37,550,250,d505wi,fi,TGM,10950,GEOCHEM_AU_HG,"Geochemistry - Au - Fire assay INAA, Hg - IG-Hg CV Hg-Cold Vapour (Hg Analyzer)",2,d505wifi-2,none,A15-10068Final
3,Point,15GB0065,15GB0065 ,463506.6488,5050952.702,45.61116,-63.468026,"A17-11275Cert&Res.pdf, A15-10068cert&res.pdf",FA-INAA,1G,1,5,13,40,725,250,d505wi,fi,TGM,10950,GEOCHEM_AU_HG,"Geochemistry - Au - Fire assay INAA, Hg - IG-Hg CV Hg-Cold Vapour (Hg Analyzer)",3,d505wifi-3,none,A15-10068Final
4,Point,15GB0087,15GB0087 ,470831.5474,5048366.369,45.588227,-63.373932,"A17-11275Cert&Res.pdf, A15-10068cert&res.pdf",FA-INAA,1G,1,5,1,2.5,1225,250,d505wi,fi,TGM,10950,GEOCHEM_AU_HG,"Geochemistry - Au - Fire assay INAA, Hg - IG-Hg CV Hg-Cold Vapour (Hg Analyzer)",4,d505wifi-4,none,A15-10068Final
5,Point,15GB0094,15GB0094A ,471064.8155,5049864.934,45.601725,-63.371031,"A17-11275Cert&Res.pdf, A15-10068cert&res.pdf",FA-INAA,1G,1,5,0.5,15,750,250,d505wi,fi,TGM,10950,GEOCHEM_AU_HG,"Geochemistry - Au - Fire assay INAA, Hg - IG-Hg CV Hg-Cold Vapour (Hg Analyzer)",5,d505wifi-5,none,A15-10068Final
6,Point,15GB0096,15GB0096 ,471064.8155,5049849.588,45.601587,-63.37103,"A17-11275Cert&Res.pdf, A15-10068cert&res.pdf",FA-INAA,1G,1,5,4,11,725,250,d505wi,fi,TGM,10950,GEOCHEM_AU_HG,"Geochemistry - Au - Fire assay INAA, Hg - IG-Hg CV Hg-Cold Vapour (Hg Analyzer)",6,d505wifi-6,none,A15-10068Final
7,Point,15GB0097,15GB0097A ,471065.6093,5049841.915,45.601518,-63.371019,"A17-11275Cert&Res.pdf, A15-10068cert&res.pdf",FA-INAA,1G,1,5,0.5,2.5,1725,250,d505wi,fi,TGM,10950,GEOCHEM_AU_HG,"Geochemistry - Au - Fire assay INAA, Hg - IG-Hg CV Hg-Cold Vapour (Hg Analyzer)",7,d505wifi-7,none,A15-10068Final
8,Point,15GB0099,15GB0099 ,471076.9134,5049849.391,45.601586,-63.370875,"A17-11275Cert&Res.pdf, A15-10068cert&res.pdf",FA-INAA,1G,1,5,0.5,2.5,650,250,d505wi,fi,TGM,10950,GEOCHEM_AU_HG,"Geochemistry - Au - Fire assay INAA, Hg - IG-Hg CV Hg-Cold Vapour (Hg Analyzer)",8,d505wifi-8,none,A15-10068Final
9,Point,15GB0101,15GB0101A ,471085.8651,5049875.739,45.601823,-63.370761,"A17-11275Cert&Res.pdf, A15-10068cert&res.pdf",FA-INAA,1G,1,5,2,8,1900,250,d505wi,fi,TGM,10950,GEOCHEM_AU_HG,"Geochemistry - Au - Fire assay INAA, Hg - IG-Hg CV Hg-Cold Vapour (Hg Analyzer)",9,d505wifi-9,none,A15-10068Final
10,Point,15GB0101,15GB0101D ,471085.8651,5049875.739,45.601823,-63.370761,"A17-11275Cert&Res.pdf, A15-10068cert&res.pdf",FA-INAA,1G,1,5,2,6,1850,250,d505wi,fi,TGM,10950,GEOCHEM_AU_HG,"Geochemistry - Au - Fire assay INAA, Hg - IG-Hg CV Hg-Cold Vapour (Hg Analyzer)",10,d505wifi-10,none,A15-10068Final
11,Point,15GB0101,15GB0101E ,471085.8651,5049875.739,45.601823,-63.370761,"A17-11275Cert&Res.pdf, A15-10068cert&res.pdf",FA-INAA,1G,1,5,0.5,6,2050,250,d505wi,fi,TGM,10950,GEOCHEM_AU_HG,"Geochemistry - Au - Fire assay INAA, Hg - IG-Hg CV Hg-Cold Vapour (Hg Analyzer)",11,d505wifi-11,none,A15-10068Final
12,Point,15GB0102,15GB0102 ,471198.0887,5050706.936,45.60931,-63.369371,"A17-11275Cert&Res.pdf, A15-10068cert&res.pdf",FA-INAA,1G,1,5,20,144,900,250,d505wi,fi,TGM,10950,GEOCHEM_AU_HG,"Geochemistry - Au - Fire assay INAA, Hg - IG-Hg CV Hg-Cold Vapour (Hg Analyzer)",12,d505wifi-12,none,A15-10068Final
13,Point,15GB0103,15GB0103A ,471182.1568,5050757.918,45.609768,-63.369579,"A17-11275Cert&Res.pdf, A15-10068cert&res.pdf",FA-INAA,1G,1,5,30,1600,1225,250,d505wi,fi,TGM,10950,GEOCHEM_AU_HG,"Geochemistry - Au - Fire assay INAA, Hg - IG-Hg CV Hg-Cold Vapour (Hg Analyzer)",13,d505wifi-13,none,A15-10068Final
14,Point,15GB0103,15GB0103B ,471182.1568,5050757.918,45.609768,-63.369579,"A17-11275Cert&Res.pdf, A15-10068cert&res.pdf",FA-INAA,1G,1,5,7,389,1200,250,d505wi,fi,TGM,10950,GEOCHEM_AU_HG,"Geochemistry - Au - Fire assay INAA, Hg - IG-Hg CV Hg-Cold Vapour (Hg Analyzer)",14,d505wifi-14,none,A15-10068Final
15,Point,15GB0152,15GB0152 ,475231.5211,5048231.417,45.587183,-63.31752,"A17-11275Cert&Res.pdf, A15-10068cert&res.pdf",FA-INAA,1G,1,5,3,25,800,250,d505wi,fi,TGM,10950,GEOCHEM_AU_HG,"Geochemistry - Au - Fire assay INAA, Hg - IG-Hg CV Hg-Cold Vapour (Hg Analyzer)",15,d505wifi-15,none,A15-10068Final
16,Point,15GB0157,15GB0157 ,466152.8503,5050804.722,45.609962,-63.434079,"A17-11275Cert&Res.pdf, A15-10068cert&res.pdf",FA-INAA,1G,1,5,2,11,1200,250,d505wi,fi,TGM,10950,GEOCHEM_AU_HG,"Geochemistry - Au - Fire assay INAA, Hg - IG-Hg CV Hg-Cold Vapour (Hg Analyzer)",16,d505wifi-16,none,A15-10068Final
17,Point,15GB0158,15GB0158 ,465967.6416,5050937.014,45.611144,-63.436464,"A17-11275Cert&Res.pdf, A15-10068cert&res.pdf",FA-INAA,1G,1,5,0.5,90,1250,250,d505wi,fi,TGM,10950,GEOCHEM_AU_HG,"Geochemistry - Au - Fire assay INAA, Hg - IG-Hg CV Hg-Cold Vapour (Hg Analyzer)",17,d505wifi-17,none,A15-10068Final
18,Point,15GB0159,15GB0159A ,468278.5607,5050163.631,45.604292,-63.406777,"A17-11275Cert&Res.pdf, A15-10068cert&res.pdf",FA-INAA,1G,1,5,2,11,1100,250,d505wi,fi,TGM,10950,GEOCHEM_AU_HG,"Geochemistry - Au - Fire assay INAA, Hg - IG-Hg CV Hg-Cold Vapour (Hg Analyzer)",18,d505wifi-18,none,A15-10068Final
19,Point,15GB0173,15GB0173 ,470359.763,5049462.954,45.598077,-63.380047,"A17-11275Cert&Res.pdf, A15-10068cert&res.pdf",FA-INAA,1G,1,5,0.5,23,950,250,d505wi,fi,TGM,10950,GEOCHEM_AU_HG,"Geochemistry - Au - Fire assay INAA, Hg - IG-Hg CV Hg-Cold Vapour (Hg Analyzer)",19,d505wifi-19,none,A15-10068Final
20,Point,15GB0174,15GB0174A ,470352.2223,5049462.689,45.598075,-63.380143,"A17-11275Cert&Res.pdf, A15-10068cert&res.pdf",FA-INAA,1G,1,5,0.5,23,1000,250,d505wi,fi,TGM,10950,GEOCHEM_AU_HG,"Geochemistry - Au - Fire assay INAA, Hg - IG-Hg CV Hg-Cold Vapour (Hg Analyzer)",20,d505wifi-20,none,A15-10068Final
21,Point,15GB0174,15GB0174B ,470352.2223,5049462.689,45.598075,-63.380143,"A17-11275Cert&Res.pdf, A15-10068cert&res.pdf",FA-INAA,1G,1,5,0.5,7,900,250,d505wi,fi,TGM,10950,GEOCHEM_AU_HG,"Geochemistry - Au - Fire assay INAA, Hg - IG-Hg CV Hg-Cold Vapour (Hg Analyzer)",21,d505wifi-21,none,A15-10068Final
22,Point,15GB0175,15GB0175 ,470346.7984,5049460.572,45.598055,-63.380213,"A17-11275Cert&Res.pdf, A15-10068cert&res.pdf",FA-INAA,1G,1,5,2,35,1300,250,d505wi,fi,TGM,10950,GEOCHEM_AU_HG,"Geochemistry - Au - Fire assay INAA, Hg - IG-Hg CV Hg-Cold Vapour (Hg Analyzer)",22,d505wifi-22,none,A15-10068Final
23,Point,15GB0176,15GB0176 ,470354.7359,5049469.965,45.59814,-63.380112,"A17-11275Cert&Res.pdf, A15-10068cert&res.pdf",FA-INAA,1G,1,5,0.5,7,1200,250,d505wi,fi,TGM,10950,GEOCHEM_AU_HG,"Geochemistry - Au - Fire assay INAA, Hg - IG-Hg CV Hg-Cold Vapour (Hg Analyzer)",23,d505wifi-23,none,A15-10068Final
24,Point,15GB0177,15GB0177 ,470359.8953,5049474.463,45.598181,-63.380046,"A17-11275Cert&Res.pdf, A15-10068cert&res.pdf",FA-INAA,1G,1,5,0.5,11,1150,250,d505wi,fi,TGM,10950,GEOCHEM_AU_HG,"Geochemistry - Au - Fire assay INAA, Hg - IG-Hg CV Hg-Cold Vapour (Hg Analyzer)",24,d505wifi-24,none,A15-10068Final
25,Point,15GB0180,15GB0180 ,469886.2581,5051047.833,45.612322,-63.386216,"A17-11275Cert&Res.pdf, A15-10068cert&res.pdf",FA-INAA,1G,1,5,0.5,98,1200,250,d505wi,fi,TGM,10950,GEOCHEM_AU_HG,"Geochemistry - Au - Fire assay INAA, Hg - IG-Hg CV Hg-Cold Vapour (Hg Analyzer)",25,d505wifi-25,none,A15-10068Final
26,Point,15GB0295,15GB0295 ,463805.0028,5051860.035,45.619342,-63.464267,"A17-11275Cert&Res.pdf, A15-10068cert&res.pdf",FA-INAA,1G,1,5,1,24,1050,250,d505wi,fi,TGM,10950,GEOCHEM_AU_HG,"Geochemistry - Au - Fire assay INAA, Hg - IG-Hg CV Hg-Cold Vapour (Hg Analyzer)",26,d505wifi-26,none,A15-10068Final
27,Point,15GB0301,15GB0301 ,463769.9455,5051520.045,45.61628,-63.464692,"A17-11275Cert&Res.pdf, A15-10068cert&res.pdf",FA-INAA,1G,1,5,0.5,58,1070,250,d505wi,fi,TGM,10950,GEOCHEM_AU_HG,"Geochemistry - Au - Fire assay INAA, Hg - IG-Hg CV Hg-Cold Vapour (Hg Analyzer)",27,d505wifi-27,none,A15-10068Final
28,Point,15GB0302,15GB0302 ,463756.0548,5051471.89,45.615846,-63.464866,"A17-11275Cert&Res.pdf, A15-10068cert&res.pdf",FA-INAA,1G,1,5,2,11,1070,250,d505wi,fi,TGM,10950,GEOCHEM_AU_HG,"Geochemistry - Au - Fire assay INAA, Hg - IG-Hg CV Hg-Cold Vapour (Hg Analyzer)",28,d505wifi-28,none,A15-10068Final
29,Point,15GB0316,15GB0316 ,472547,5049088,45.594792,-63.351981,"A17-11275Cert&Res.pdf, A15-10068cert&res.pdf",FA-INAA,1G,1,5,1,12,575,250,d505wi,fi,TGM,10950,GEOCHEM_AU_HG,"Geochemistry - Au - Fire assay INAA, Hg - IG-Hg CV Hg-Cold Vapour (Hg Analyzer)",29,d505wifi-29,none,A15-10068Final
30,Point,15GB0317,15GB0317 ,472585,5049012,45.59411,-63.35149,"A17-11275Cert&Res.pdf, A15-10068cert&res.pdf",FA-INAA,1G,1,5,0.5,5,450,250,d505wi,fi,TGM,10950,GEOCHEM_AU_HG,"Geochemistry - Au - Fire assay INAA, Hg - IG-Hg CV Hg-Cold Vapour (Hg Analyzer)",30,d505wifi-30,none,A15-10068Final
31,Point,15GB0318,15GB0318 ,472548,5048932,45.593388,-63.35196,"A17-11275Cert&Res.pdf, A15-10068cert&res.pdf",FA-INAA,1G,1,5,0.5,2.5,750,250,d505wi,fi,TGM,10950,GEOCHEM_AU_HG,"Geochemistry - Au - Fire assay INAA, Hg - IG-Hg CV Hg-Cold Vapour (Hg Analyzer)",31,d505wifi-31,none,A15-10068Final
32,Point,15GB0319,15GB0319A ,472533,5048913,45.593217,-63.352151,"A17-11275Cert&Res.pdf, A15-10068cert&res.pdf",FA-INAA,1G,1,5,5,11,1175,250,d505wi,fi,TGM,10950,GEOCHEM_AU_HG,"Geochemistry - Au - Fire assay INAA, Hg - IG-Hg CV Hg-Cold Vapour (Hg Analyzer)",32,d505wifi-32,none,A15-10068Final
33,Point,15GB0319,15GB0319B ,472533,5048913,45.593217,-63.352151,"A17-11275Cert&Res.pdf, A15-10068cert&res.pdf",FA-INAA,1G,1,5,5,6,1450,250,d505wi,fi,TGM,10950,GEOCHEM_AU_HG,"Geochemistry - Au - Fire assay INAA, Hg - IG-Hg CV Hg-Cold Vapour (Hg Analyzer)",33,d505wifi-33,none,A15-10068Final
34,Point,15GB0320,15GB0320 ,472520,5048884,45.592955,-63.352316,"A17-11275Cert&Res.pdf, A15-10068cert&res.pdf",FA-INAA,1G,1,5,8,12,1075,250,d505wi,fi,TGM,10950,GEOCHEM_AU_HG,"Geochemistry - Au - Fire assay INAA, Hg - IG-Hg CV Hg-Cold Vapour (Hg Analyzer)",34,d505wifi-34,none,A15-10068Final
35,Point,15GB0321,15GB0321 ,472508,5048864,45.592775,-63.352469,"A17-11275Cert&Res.pdf, A15-10068cert&res.pdf",FA-INAA,1G,1,5,0.5,9,1325,250,d505wi,fi,TGM,10950,GEOCHEM_AU_HG,"Geochemistry - Au - Fire assay INAA, Hg - IG-Hg CV Hg-Cold Vapour (Hg Analyzer)",35,d505wifi-35,none,A15-10068Final
36,Point,15GB0348,15GB0348 ,472037.0371,5049007.99,45.594052,-63.358515,"A17-11275Cert&Res.pdf, A15-10068cert&res.pdf",FA-INAA,1G,1,5,7,18,1225,250,d505wi,fi,TGM,10950,GEOCHEM_AU_HG,"Geochemistry - Au - Fire assay INAA, Hg - IG-Hg CV Hg-Cold Vapour (Hg Analyzer)",36,d505wifi-36,none,A15-10068Final
37,Point,15GB0349,15GB0349 ,472057.9921,5048997.037,45.593954,-63.358246,"A17-11275Cert&Res.pdf, A15-10068cert&res.pdf",FA-INAA,1G,1,5,0.5,2.5,900,250,d505wi,fi,TGM,10950,GEOCHEM_AU_HG,"Geochemistry - Au - Fire assay INAA, Hg - IG-Hg CV Hg-Cold Vapour (Hg Analyzer)",37,d505wifi-37,none,A15-10068Final
38,Point,15GB0351,15GB0351 ,471932.0238,5048939.887,45.593435,-63.359858,"A17-11275Cert&Res.pdf, A15-10068cert&res.pdf",FA-INAA,1G,1,5,0.5,7,1300,250,d505wi,fi,TGM,10950,GEOCHEM_AU_HG,"Geochemistry - Au - Fire assay INAA, Hg - IG-Hg CV Hg-Cold Vapour (Hg Analyzer)",38,d505wifi-38,none,A15-10068Final
39,Point,15GB0354,15GB0354 ,471808.1033,5048889.896,45.59298,-63.361443,"A17-11275Cert&Res.pdf, A15-10068cert&res.pdf",FA-INAA,1G,1,5,3,46,700,250,d505wi,fi,TGM,10950,GEOCHEM_AU_HG,"Geochemistry - Au - Fire assay INAA, Hg - IG-Hg CV Hg-Cold Vapour (Hg Analyzer)",39,d505wifi-39,none,A15-10068Final
40,Point,15GB0355,15GB0355 ,471787.1482,5048863.861,45.592745,-63.361711,"A17-11275Cert&Res.pdf, A15-10068cert&res.pdf",FA-INAA,1G,1,5,0.5,13,700,250,d505wi,fi,TGM,10950,GEOCHEM_AU_HG,"Geochemistry - Au - Fire assay INAA, Hg - IG-Hg CV Hg-Cold Vapour (Hg Analyzer)",40,d505wifi-40,none,A15-10068Final
41,Point,15GB0356,15GB0356 ,471800.9595,5048815.918,45.592314,-63.361531,"A17-11275Cert&Res.pdf, A15-10068cert&res.pdf",FA-INAA,1G,1,5,2,227,1625,250,d505wi,fi,TGM,10950,GEOCHEM_AU_HG,"Geochemistry - Au - Fire assay INAA, Hg - IG-Hg CV Hg-Cold Vapour (Hg Analyzer)",41,d505wifi-41,none,A15-10068Final
42,Point,15GB0368,15GB0368 ,470826.2074,5049582.765,45.599176,-63.374073,"A17-11275Cert&Res.pdf, A15-10068cert&res.pdf",FA-INAA,1G,1,5,4,2.5,750,250,d505wi,fi,TGM,10950,GEOCHEM_AU_HG,"Geochemistry - Au - Fire assay INAA, Hg - IG-Hg CV Hg-Cold Vapour (Hg Analyzer)",42,d505wifi-42,none,A15-10068Final
43,Point,15GB0369,15GB0369A ,470842.0015,5049563.996,45.599007,-63.37387,"A17-11275Cert&Res.pdf, A15-10068cert&res.pdf",FA-INAA,1G,1,5,0.5,12,475,250,d505wi,fi,TGM,10950,GEOCHEM_AU_HG,"Geochemistry - Au - Fire assay INAA, Hg - IG-Hg CV Hg-Cold Vapour (Hg Analyzer)",43,d505wifi-43,none,A15-10068Final
44,Point,15GB0369,15GB0369B ,470842.0015,5049563.996,45.599007,-63.37387,"A17-11275Cert&Res.pdf, A15-10068cert&res.pdf",FA-INAA,1G,1,5,0.5,2.5,975,250,d505wi,fi,TGM,10950,GEOCHEM_AU_HG,"Geochemistry - Au - Fire assay INAA, Hg - IG-Hg CV Hg-Cold Vapour (Hg Analyzer)",44,d505wifi-44,none,A15-10068Final
45,Point,15GB0371,15GB0371 ,470846.1073,5049326.859,45.596873,-63.373803,"A17-11275Cert&Res.pdf, A15-10068cert&res.pdf",FA-INAA,1G,1,5,0.5,26,850,250,d505wi,fi,TGM,10950,GEOCHEM_AU_HG,"Geochemistry - Au - Fire assay INAA, Hg - IG-Hg CV Hg-Cold Vapour (Hg Analyzer)",45,d505wifi-45,none,A15-10068Final
46,Point,15GB0372,15GB0372 ,470870.1844,5049295.903,45.596595,-63.373492,"A17-11275Cert&Res.pdf, A15-10068cert&res.pdf",FA-INAA,1G,1,5,0.5,29,1050,250,d505wi,fi,TGM,10950,GEOCHEM_AU_HG,"Geochemistry - Au - Fire assay INAA, Hg - IG-Hg CV Hg-Cold Vapour (Hg Analyzer)",46,d505wifi-46,none,A15-10068Final
47,Point,15GB0373,15GB0373 ,470885.0011,5049237.827,45.596073,-63.373299,"A17-11275Cert&Res.pdf, A15-10068cert&res.pdf",FA-INAA,1G,1,5,0.5,15,575,250,d505wi,fi,TGM,10950,GEOCHEM_AU_HG,"Geochemistry - Au - Fire assay INAA, Hg - IG-Hg CV Hg-Cold Vapour (Hg Analyzer)",47,d505wifi-47,none,A15-10068Final
48,Point,11TM0104,11TM0104A ,470594.1763,5051397.358,45.615499,-63.377158,"A17-11275Cert&Res.pdf, A11-13057Cert&Res.pdf",FA-AA,1G,5,5,17,721,750,100,d505wi,fi,TGM,10950,GEOCHEM_AU_HG,"Geochemistry - Au - Fire assay INAA, Hg - IG-Hg CV Hg-Cold Vapour (Hg Analyzer)",48,d505wifi-48,none,A11-13057Final
49,Point,11TM0104,11TM0104B ,470594.1763,5051397.358,45.615499,-63.377158,"A17-11275Cert&Res.pdf, A11-13057Cert&Res.pdf",FA-AA,1G,5,5,35,1040,700,100,d505wi,fi,TGM,10950,GEOCHEM_AU_HG,"Geochemistry - Au - Fire assay INAA, Hg - IG-Hg CV Hg-Cold Vapour (Hg Analyzer)",49,d505wifi-49,none,A11-13057Final
50,Point,11TM0104,11TM0104C ,470594.1763,5051397.358,45.615499,-63.377158,"A17-11275Cert&Res.pdf, A11-13057Cert&Res.pdf",FA-AA,1G,5,5,10,1180,600,100,d505wi,fi,TGM,10950,GEOCHEM_AU_HG,"Geochemistry - Au - Fire assay INAA, Hg - IG-Hg CV Hg-Cold Vapour (Hg Analyzer)",50,d505wifi-50,none,A11-13057Final
51,Point,11TM0104,11TM0104D ,470594.1763,5051397.358,45.615499,-63.377158,"A17-11275Cert&Res.pdf, A11-13057Cert&Res.pdf",FA-AA,1G,5,5,659,1170,625,100,d505wi,fi,TGM,10950,GEOCHEM_AU_HG,"Geochemistry - Au - Fire assay INAA, Hg - IG-Hg CV Hg-Cold Vapour (Hg Analyzer)",51,d505wifi-51,none,A11-13057Final
52,Point,11TM0233,11TM0233B ,481098.1048,5046268.287,45.569698,-63.242238,"A17-11275Cert&Res.pdf, A11-13057Cert&Res.pdf",FA-AA,1G,5,5,7,41,150,100,d505wi,fi,TGM,10950,GEOCHEM_AU_HG,"Geochemistry - Au - Fire assay INAA, Hg - IG-Hg CV Hg-Cold Vapour (Hg Analyzer)",52,d505wifi-52,none,A11-13057Final
53,Point,11TM0336,11TM0336A ,481832.183,5045636.155,45.564027,-63.232807,"A17-11275Cert&Res.pdf, A11-13057Cert&Res.pdf",FA-AA,1G,5,5,52,73,450,100,d505wi,fi,TGM,10950,GEOCHEM_AU_HG,"Geochemistry - Au - Fire assay INAA, Hg - IG-Hg CV Hg-Cold Vapour (Hg Analyzer)",53,d505wifi-53,none,A11-13057Final
54,Point,11TM0336,11TM0336B ,481832.183,5045636.155,45.564027,-63.232807,"A17-11275Cert&Res.pdf, A11-13057Cert&Res.pdf",FA-AA,1G,5,5,162,30,400,100,d505wi,fi,TGM,10950,GEOCHEM_AU_HG,"Geochemistry - Au - Fire assay INAA, Hg - IG-Hg CV Hg-Cold Vapour (Hg Analyzer)",54,d505wifi-54,none,A11-13057Final
55,Point,11TM0441,11TM0441A ,471182.2967,5050785.172,45.610013,-63.369579,"A17-11275Cert&Res.pdf, A11-13057Cert&Res.pdf",FA-AA,1G,5,5,26,1810,375,100,d505wi,fi,TGM,10950,GEOCHEM_AU_HG,"Geochemistry - Au - Fire assay INAA, Hg - IG-Hg CV Hg-Cold Vapour (Hg Analyzer)",55,d505wifi-55,none,A11-13057Final
56,Point,11TM0441,11TM0441B ,471182.2967,5050785.172,45.610013,-63.369579,"A17-11275Cert&Res.pdf, A11-13057Cert&Res.pdf",FA-AA,1G,5,5,39,687,500,100,d505wi,fi,TGM,10950,GEOCHEM_AU_HG,"Geochemistry - Au - Fire assay INAA, Hg - IG-Hg CV Hg-Cold Vapour (Hg Analyzer)",56,d505wifi-56,none,A11-13057Final
57,Point,11TM0441,11TM0441E ,471182.2967,5050785.172,45.610013,-63.369579,"A17-11275Cert&Res.pdf, A11-13057Cert&Res.pdf",FA-AA,1G,5,5,69,541,350,100,d505wi,fi,TGM,10950,GEOCHEM_AU_HG,"Geochemistry - Au - Fire assay INAA, Hg - IG-Hg CV Hg-Cold Vapour (Hg Analyzer)",57,d505wifi-57,none,A11-13057Final
58,Point,11TM0441,11TM0441F ,471182.2967,5050785.172,45.610013,-63.369579,"A17-11275Cert&Res.pdf, A11-13057Cert&Res.pdf",FA-AA,1G,5,5,37,370,400,100,d505wi,fi,TGM,10950,GEOCHEM_AU_HG,"Geochemistry - Au - Fire assay INAA, Hg - IG-Hg CV Hg-Cold Vapour (Hg Analyzer)",58,d505wifi-58,none,A11-13057Final
59,Point,16TM0095,16TM0095B ,468655,5052746,45.627552,-63.402116,A17-08387cert&res.pdf,FA-INAA,1G,1,5,52,666,1100,1000,d505wi,fi,TGM,10950,GEOCHEM_AU_HG,"Geochemistry - Au - Fire assay INAA, Hg - IG-Hg CV Hg-Cold Vapour (Hg Analyzer)",59,d505wifi-59,none,A17-08387Final
60,Point,16TM0096,16TM0096A ,468623,5052698,45.627119,-63.402523,A17-08387cert&res.pdf,FA-INAA,1G,1,5,109,53,700,500,d505wi,fi,TGM,10950,GEOCHEM_AU_HG,"Geochemistry - Au - Fire assay INAA, Hg - IG-Hg CV Hg-Cold Vapour (Hg Analyzer)",60,d505wifi-60,none,A17-08387Final
61,Point,16TM0096,16TM0096B ,468623,5052698,45.627119,-63.402523,A17-08387cert&res.pdf,FA-INAA,1G,1,5,107,69,250,250,d505wi,fi,TGM,10950,GEOCHEM_AU_HG,"Geochemistry - Au - Fire assay INAA, Hg - IG-Hg CV Hg-Cold Vapour (Hg Analyzer)",61,d505wifi-61,none,A17-08387Final
62,Point,16TM0096,16TM0096C ,468623,5052698,45.627119,-63.402523,A17-08387cert&res.pdf,FA-INAA,1G,1,5,55,59,850,800,d505wi,fi,TGM,10950,GEOCHEM_AU_HG,"Geochemistry - Au - Fire assay INAA, Hg - IG-Hg CV Hg-Cold Vapour (Hg Analyzer)",62,d505wifi-62,none,A17-08387Final
63,Point,16TM0098,16TM0098B ,468609,5052656,45.62674,-63.4027,A17-08387cert&res.pdf,FA-INAA,1G,1,5,6,261,2100,1000,d505wi,fi,TGM,10950,GEOCHEM_AU_HG,"Geochemistry - Au - Fire assay INAA, Hg - IG-Hg CV Hg-Cold Vapour (Hg Analyzer)",63,d505wifi-63,none,A17-08387Final
64,Point,17TM0255,17TM0255A ,471489,5049219,45.595929,-63.365554,A17-08387cert&res.pdf,FA-INAA,1G,1,5,0.5,6,2900,1000,d505wi,fi,TGM,10950,GEOCHEM_AU_HG,"Geochemistry - Au - Fire assay INAA, Hg - IG-Hg CV Hg-Cold Vapour (Hg Analyzer)",64,d505wifi-64,none,A17-08387Final
65,Point,17TM0255,17TM0255B ,471489,5049219,45.595929,-63.365554,A17-08387cert&res.pdf,FA-INAA,1G,1,5,0.5,10,850,800,d505wi,fi,TGM,10950,GEOCHEM_AU_HG,"Geochemistry - Au - Fire assay INAA, Hg - IG-Hg CV Hg-Cold Vapour (Hg Analyzer)",65,d505wifi-65,none,A17-08387Final
66,Point,17TM0256,17TM0256 ,471447,5049314,45.596782,-63.366098,A17-08387cert&res.pdf,FA-INAA,1G,1,5,0.5,2.5,3600,1000,d505wi,fi,TGM,10950,GEOCHEM_AU_HG,"Geochemistry - Au - Fire assay INAA, Hg - IG-Hg CV Hg-Cold Vapour (Hg Analyzer)",66,d505wifi-66,none,A17-08387Final
67,Point,17TM0260,17TM0260A ,471357,5049668,45.599965,-63.367272,A17-08387cert&res.pdf,FA-INAA,1G,1,5,0.5,8,3900,1000,d505wi,fi,TGM,10950,GEOCHEM_AU_HG,"Geochemistry - Au - Fire assay INAA, Hg - IG-Hg CV Hg-Cold Vapour (Hg Analyzer)",67,d505wifi-67,none,A17-08387Final
68,Point,17TM0260,17TM0260B ,471357,5049668,45.599965,-63.367272,A17-08387cert&res.pdf,FA-INAA,1G,1,5,23,7,5200,1000,d505wi,fi,TGM,10950,GEOCHEM_AU_HG,"Geochemistry - Au - Fire assay INAA, Hg - IG-Hg CV Hg-Cold Vapour (Hg Analyzer)",68,d505wifi-68,none,A17-08387Final
69,Point,17TM0272,17TM0272A ,470976,5049374,45.597303,-63.37214,A17-08387cert&res.pdf,FA-INAA,1G,1,5,7,542,1400,1000,d505wi,fi,TGM,10950,GEOCHEM_AU_HG,"Geochemistry - Au - Fire assay INAA, Hg - IG-Hg CV Hg-Cold Vapour (Hg Analyzer)",69,d505wifi-69,none,A17-08387Final
70,Point,17TM0272,17TM0272B ,470976,5049374,45.597303,-63.37214,A17-08387cert&res.pdf,FA-INAA,1G,1,5,0.5,44,1400,1000,d505wi,fi,TGM,10950,GEOCHEM_AU_HG,"Geochemistry - Au - Fire assay INAA, Hg - IG-Hg CV Hg-Cold Vapour (Hg Analyzer)",70,d505wifi-70,none,A17-08387Final
