﻿OBJECTID *,pXRF_Const,S,K,Ca,Ti,V,Cr,Mn,Fe,Ni,Cu,Zn,As,Se,Rb,Sr,Y,Zr,Nb,Mo,Cd,Sn,Sb,Ba,Ce,W,Pb,Th,U,Src_Excel,Year,Ni_Th_Calb,Report_No,Rep_Link
1,TM09_MIN,7,1097,19,107,6.3,1,31,1902,1,1,1,1,1,5,2,2,24,2,1,1,1,1,1,2,1,1,3,1,XRF_data_processing_09TM_series,2009,Cal A minor Cal B,OFR_ME_2018-004,http://novascotia.ca/natr/meb/data/pubs/18ofr04/ofr_me_2018-004.pdf
2,TM09_MAX,418813,71425,105006,22941,376,455,7787,287749,143,795,43361,382,18,372,2118,1459,2180,235,103,60,34,13,3066,751,170,2971,876,26,XRF_data_processing_09TM_series,2009,Cal A minor Cal B,OFR_ME_2018-004,http://novascotia.ca/natr/meb/data/pubs/18ofr04/ofr_me_2018-004.pdf
3,TM09_0.5DL,3.5,548.5,9.5,53.5,3.15,0.5,15.5,951,0.5,0.5,0.5,0.5,0.5,2.5,1,1,12,1,0.5,0.5,0.5,0.5,0.5,1,0.5,0.5,1.5,0.5,XRF_data_processing_09TM_series,2009,Cal A minor Cal B,OFR_ME_2018-004,http://novascotia.ca/natr/meb/data/pubs/18ofr04/ofr_me_2018-004.pdf
4,TM10_MIN,1,311,7,19,2,1,9.4,562,1,1,1,1,1,3.6,1,10,21,9,1,1,1,1,1,2,1,1,1,1,XRF_data_processing_10TM_series,2010,Cal A minor Cal B,OFR_ME_2018-004,http://novascotia.ca/natr/meb/data/pubs/18ofr04/ofr_me_2018-004.pdf
5,TM10_MAX,20706,123757,290509,23827,724,968,2602,180741,1380,1774,1087,114,31,1117,516,9459,24358,10150,570,7.6,588,9,1490,2494,8411,1409,37667,1451,XRF_data_processing_10TM_series,2010,Cal A minor Cal B,OFR_ME_2018-004,http://novascotia.ca/natr/meb/data/pubs/18ofr04/ofr_me_2018-004.pdf
6,TM10_0.5DL,0.5,155.5,3.5,9.5,1,0.5,4.7,281,0.5,0.5,0.5,0.5,0.5,1.8,0.5,5,10.5,4.5,0.5,0.5,0.5,0.5,0.5,1,0.5,0.5,0.5,0.5,XRF_data_processing_10TM_series,2010,Cal A minor Cal B,OFR_ME_2018-004,http://novascotia.ca/natr/meb/data/pubs/18ofr04/ofr_me_2018-004.pdf
7,TM11_MIN,1,218,10,82,3,1,12,716,1,1,1,1,1,1,1,1,2,1,1,1,1,1,1,1,1,1,1,1,XRF_data_processing_11TM_series,2011,Cal A minor Cal B,OFR_ME_2018-004,http://novascotia.ca/natr/meb/data/pubs/18ofr04/ofr_me_2018-004.pdf
8,TM11_MAX,475033,94082,651653,54910,2763,3674,6022,952081,236,607,90691,2386,33,544,1805,3174,3021,377,182,435,72,113,2259,1124,57,13129,334,26,XRF_data_processing_11TM_series,2011,Cal A minor Cal B,OFR_ME_2018-004,http://novascotia.ca/natr/meb/data/pubs/18ofr04/ofr_me_2018-004.pdf
9,TM11_0.5DL,0.5,109,5,41,1.5,0.5,6,358,0.5,0.5,0.5,0.5,0.5,0.5,0.5,0.5,1,0.5,0.5,0.5,0.5,0.5,0.5,0.5,0.5,0.5,0.5,0.5,XRF_data_processing_11TM_series,2011,Cal A minor Cal B,OFR_ME_2018-004,http://novascotia.ca/natr/meb/data/pubs/18ofr04/ofr_me_2018-004.pdf
10,TM12_MIN,1,361,12,6,2,1,12,641,1,1,1,1,1,1,1,2,6,1,1,1,1,1,1,1,1,1,1,1,XRF_data_processing_12TM_series,2012,Cal A minor Cal B,OFR_ME_2018-004,http://novascotia.ca/natr/meb/data/pubs/18ofr04/ofr_me_2018-004.pdf
11,TM12_MAX,95962,86630,486390,30064,355,1011,7439,343008,658,112545,1051,97,6,577,1953,227,1464,190,55,11,270,17,5078,1379,35,1166,648,43,XRF_data_processing_12TM_series,2012,Cal A minor Cal B,OFR_ME_2018-004,http://novascotia.ca/natr/meb/data/pubs/18ofr04/ofr_me_2018-004.pdf
12,TM12_0.5DL,0.5,180.5,6,3,1,0.5,6,320.5,0.5,0.5,0.5,0.5,0.5,0.5,0.5,1,3,0.5,0.5,0.5,0.5,0.5,0.5,0.5,0.5,0.5,0.5,0.5,XRF_data_processing_12TM_series,2012,Cal A minor Cal B,OFR_ME_2018-004,http://novascotia.ca/natr/meb/data/pubs/18ofr04/ofr_me_2018-004.pdf
13,GB15_MIN,600,215,115,20,5.8,5.2,15.7,564,9,8,4.5,3.5,1.8,2.4,2,2.8,7.6,2.5,2.8,4.9,9,9,32,59,8,3.6,5,9,XRF_data_processing_15GB_series,2015,Cal B,OFR_ME_2018-004,http://novascotia.ca/natr/meb/data/pubs/18ofr04/ofr_me_2018-004.pdf
14,GB15_MAX,485691,95914,879638,25052,1356,221,5158,645152,89,1335,2398,874,5.5,665,3375,593,2964,220,348,19,174,28,6044,925,54,1564,128,32,XRF_data_processing_15GB_series,2015,Cal B,OFR_ME_2018-004,http://novascotia.ca/natr/meb/data/pubs/18ofr04/ofr_me_2018-004.pdf
15,GB15_0.5DL,300,107.5,57.5,10,2.9,2.6,7.85,282,4.5,4,2.25,1.75,0.9,1.2,1,1.4,3.8,1.25,1.4,2.45,4.5,4.5,16,29.5,4,1.8,2.5,4.5,XRF_data_processing_15GB_series,2015,Cal B,OFR_ME_2018-004,http://novascotia.ca/natr/meb/data/pubs/18ofr04/ofr_me_2018-004.pdf
16,TM16_MIN,561,138,79,34,3.1,4.6,4.3,74,9,7,4.4,2.9,1.4,2.8,2.2,3.6,2.1,2,2.3,4.5,8,9,33,58,14,3.7,6,9,XRF_data_processing_16TM_series,2016,Cal B,OFR_ME_2018-004,http://novascotia.ca/natr/meb/data/pubs/18ofr04/ofr_me_2018-004.pdf
17,TM16_MAX,204959,88452,837689,74837,528,458,6528,313970,373,5774,16571,3899,7.5,631,2049,615,3241,292,34.4,29.2,56,55,5377,720,214,4374,132,28,XRF_data_processing_16TM_series,2016,Cal B,OFR_ME_2018-004,http://novascotia.ca/natr/meb/data/pubs/18ofr04/ofr_me_2018-004.pdf
18,TM16_0.5DL,280.5,69,39.5,17,1.55,2.3,2.15,37,4.5,3.5,2.2,1.45,0.7,1.4,1.1,1.8,1.05,1,1.15,2.25,4,4.5,16.5,29,7,1.85,3,4.5,XRF_data_processing_16TM_series,2016,Cal B,OFR_ME_2018-004,http://novascotia.ca/natr/meb/data/pubs/18ofr04/ofr_me_2018-004.pdf
19,TM17_MIN,598,476,160,114,3.9,6,16.2,1380,9,8,6.9,4.4,2.1,2.7,2.3,6,36.5,2.7,2.7,4.7,9,10,32,61,14,5.1,6,9,XRF_data_processing_17TM_series,2017,Cal B,OFR_ME_2018-004,http://novascotia.ca/natr/meb/data/pubs/18ofr04/ofr_me_2018-004.pdf
20,TM17_MAX,44391,85019,150728,32546,585,647,4422,179597,187,625,1938,159,5.4,511,996,378,1889,216,39.6,12.2,36,38,5323,476,46,1709,62,31,XRF_data_processing_17TM_series,2017,Cal B,OFR_ME_2018-004,http://novascotia.ca/natr/meb/data/pubs/18ofr04/ofr_me_2018-004.pdf
21,TM17_0.5DL,299,238,80,57,1.95,3,8.1,690,4.5,4,3.45,2.2,1.05,1.35,1.15,3,18.25,1.35,1.35,2.35,4.5,5,16,30.5,7,2.55,3,4.5,XRF_data_processing_17TM_series,2017,Cal B,OFR_ME_2018-004,http://novascotia.ca/natr/meb/data/pubs/18ofr04/ofr_me_2018-004.pdf
22,W12_MIN,3,848,33,51,6,1,26,678,1,1,1,1,1,3,1,1,2,1,1,1,1,1,2,2,1,1,1,1,XRF_data_processing_W12_series,2012,Cal A,OFR_ME_2018-004,http://novascotia.ca/natr/meb/data/pubs/18ofr04/ofr_me_2018-004.pdf
23,W12_MAX,33051,80651,184745,29970,739,845,3577,181217,238,574,840,110,3,295,1168,294,2159,178,24,8,33,17,12986,876,23,443,304,10,XRF_data_processing_W12_series,2012,Cal A,OFR_ME_2018-004,http://novascotia.ca/natr/meb/data/pubs/18ofr04/ofr_me_2018-004.pdf
24,W12_0.5DL,1.5,424,16.5,25.5,3,0.5,13,339,0.5,0.5,0.5,0.5,0.5,1.5,0.5,0.5,1,0.5,0.5,0.5,0.5,0.5,1,1,0.5,0.5,0.5,0.5,XRF_data_processing_W12_series,2012,Cal A,OFR_ME_2018-004,http://novascotia.ca/natr/meb/data/pubs/18ofr04/ofr_me_2018-004.pdf
