﻿OBJECTID *,Shape *,stati_num,Sample_No,E_u83z20_m,N_u83z20_m,LAT_dd,LON_dd,dataset_id,theme_id,geologist,source_id,gcode,gcode_desc,geo_id,geo_num,hotlink,cert_link
1,Point,09TM046,09TM046,478136,5045957,45.566805,-63.280187,d505wi,cr,TMH,10951,GEOCHEM_ROCK,Geochemistry - Whole Rock Analysis,1,d505wicr-1,none,A16-00701Final
2,Point,09TM051,09TM051,478926,5047305,45.578967,-63.270123,d505wi,cr,TMH,10951,GEOCHEM_ROCK,Geochemistry - Whole Rock Analysis,2,d505wicr-2,none,A16-00701Final
3,Point,10TM0244,10TM0244,471020,5049654,45.599822,-63.371595,d505wi,cr,TMH,10951,GEOCHEM_ROCK,Geochemistry - Whole Rock Analysis,3,d505wicr-3,none,A11-1172Cert&Res.pdf
4,Point,10TM0245,10TM0245,470938,5051445,45.61594,-63.372755,d505wi,cr,TMH,10951,GEOCHEM_ROCK,Geochemistry - Whole Rock Analysis,4,d505wicr-4,none,A12-01452cert&res.pdf
5,Point,11TM0005,11TM0005A,470613,5047199,45.577711,-63.376663,d505wi,cr,TMH,10951,GEOCHEM_ROCK,Geochemistry - Whole Rock Analysis,5,d505wicr-5,none,A16-00701Final
6,Point,11TM0083,11TM0083,470761,5050716,45.609377,-63.374977,d505wi,cr,TMH,10951,GEOCHEM_ROCK,Geochemistry - Whole Rock Analysis,6,d505wicr-6,none,A12-01452cert&res.pdf
7,Point,11TM0087,11TM0087,470786,5050418,45.60669,-63.374637,d505wi,cr,TMH,10951,GEOCHEM_ROCK,Geochemistry - Whole Rock Analysis,7,d505wicr-7,none,A12-01452cert&res.pdf
8,Point,11TM0138,11TM0138,470385,5050578,45.608119,-63.379795,d505wi,cr,TMH,10951,GEOCHEM_ROCK,Geochemistry - Whole Rock Analysis,8,d505wicr-8,none,A12-01452cert&res.pdf
9,Point,11TM0213,11TM0213,484185,5045912,45.566568,-63.202667,d505wi,cr,TMH,10951,GEOCHEM_ROCK,Geochemistry - Whole Rock Analysis,9,d505wicr-9,none,A12-01452cert&res.pdf
10,Point,11TM0229,11TM0229,483003,5046158,45.568751,-63.217824,d505wi,cr,TMH,10951,GEOCHEM_ROCK,Geochemistry - Whole Rock Analysis,10,d505wicr-10,none,A12-01452cert&res.pdf
11,Point,11TM0241,11TM0241,481060,5046032,45.56757,-63.242716,d505wi,cr,TMH,10951,GEOCHEM_ROCK,Geochemistry - Whole Rock Analysis,11,d505wicr-11,none,A12-01452cert&res.pdf
12,Point,11TM0271,11TM0271,465926,5051257,45.614022,-63.437026,d505wi,cr,TMH,10951,GEOCHEM_ROCK,Geochemistry - Whole Rock Analysis,12,d505wicr-12,none,A12-01452cert&res.pdf
13,Point,11TM0306,11TM0306,465536,5050588,45.607977,-63.441975,d505wi,cr,TMH,10951,GEOCHEM_ROCK,Geochemistry - Whole Rock Analysis,13,d505wicr-13,none,A12-01452cert&res.pdf
14,Point,11TM0332,11TM0332,481856,5045672,45.564354,-63.232506,d505wi,cr,TMH,10951,GEOCHEM_ROCK,Geochemistry - Whole Rock Analysis,14,d505wicr-14,none,A12-01452cert&res.pdf
15,Point,11TM0387,11TM0387,469027,5050715,45.609291,-63.39722,d505wi,cr,TMH,10951,GEOCHEM_ROCK,Geochemistry - Whole Rock Analysis,15,d505wicr-15,none,A12-01452cert&res.pdf
16,Point,11TM0400,11TM0400,470831,5048183,45.586577,-63.373928,d505wi,cr,TMH,10951,GEOCHEM_ROCK,Geochemistry - Whole Rock Analysis,16,d505wicr-16,none,A12-01452cert&res.pdf
17,Point,11TM0420,11TM0420A,470952,5049259,45.596262,-63.372438,d505wi,cr,TMH,10951,GEOCHEM_ROCK,Geochemistry - Whole Rock Analysis,17,d505wicr-17,none,A12-01452cert&res.pdf
18,Point,11TM0425,11TM0425,470992,5049734,45.600541,-63.371956,d505wi,cr,TMH,10951,GEOCHEM_ROCK,Geochemistry - Whole Rock Analysis,18,d505wicr-18,none,A12-01452cert&res.pdf
19,Point,11TM0499,11TM0499,482826,5044654,45.555208,-63.220036,d505wi,cr,TMH,10951,GEOCHEM_ROCK,Geochemistry - Whole Rock Analysis,19,d505wicr-19,none,A12-01452cert&res.pdf
20,Point,11TM0524,11TM0524,482678,5044179,45.550936,-63.22192,d505wi,cr,TMH,10951,GEOCHEM_ROCK,Geochemistry - Whole Rock Analysis,20,d505wicr-20,none,A12-01452cert&res.pdf
21,Point,11TM0530,11TM0530,482637,5043943,45.548808,-63.22243,d505wi,cr,TMH,10951,GEOCHEM_ROCK,Geochemistry - Whole Rock Analysis,21,d505wicr-21,none,A12-01452cert&res.pdf
22,Point,11TM0542,11TM0542,475561,5049780,45.601131,-63.313367,d505wi,cr,TMH,10951,GEOCHEM_ROCK,Geochemistry - Whole Rock Analysis,22,d505wicr-22,none,A12-01452cert&res.pdf
23,Point,11TM0557,11TM0557,474600,5049204,45.595919,-63.325669,d505wi,cr,TMH,10951,GEOCHEM_ROCK,Geochemistry - Whole Rock Analysis,23,d505wicr-23,none,A12-01452cert&res.pdf
25,Point,12TM0763,12TM0763,478275,5051468,45.616419,-63.278655,d505wi,cr,TMH,10951,GEOCHEM_ROCK,Geochemistry - Whole Rock Analysis,25,d505wicr-25,none,A13-04457Cert&Res.pdf
26,Point,16TM0027,16TM0027,464638,5052254,45.622931,-63.453611,d505wi,cr,TMH,10951,GEOCHEM_ROCK,Geochemistry - Whole Rock Analysis,26,d505wicr-26,none,A16-00701Final
27,Point,16TM0066,16TM0066,464677,5051662,45.617605,-63.453068,d505wi,cr,TMH,10951,GEOCHEM_ROCK,Geochemistry - Whole Rock Analysis,27,d505wicr-27,none,A16-00701Final
28,Point,16TM0133,16TM0133,467691,5052503,45.625321,-63.414466,d505wi,cr,TMH,10951,GEOCHEM_ROCK,Geochemistry - Whole Rock Analysis,28,d505wicr-28,none,A16-00701Final
29,Point,16TM0195,16TM0195,468672,5051825,45.619264,-63.401838,d505wi,cr,TMH,10951,GEOCHEM_ROCK,Geochemistry - Whole Rock Analysis,29,d505wicr-29,none,A16-00701Final
30,Point,16TM0196,16TM0196,468283,5051545,45.616726,-63.40681,d505wi,cr,TMH,10951,GEOCHEM_ROCK,Geochemistry - Whole Rock Analysis,30,d505wicr-30,none,A16-00701Final
31,Point,16TM0598,16TM0598,475135,5051495,45.616555,-63.318923,d505wi,cr,TMH,10951,GEOCHEM_ROCK,Geochemistry - Whole Rock Analysis,31,d505wicr-31,none,A16-00701Final
32,Point,16TM0654,16TM0654,483514,5049030,45.594617,-63.21137,d505wi,cr,TMH,10951,GEOCHEM_ROCK,Geochemistry - Whole Rock Analysis,32,d505wicr-32,none,A16-00701Final
33,Point,16TM0734,16TM0734A,475684,5050993,45.612056,-63.311857,d505wi,cr,TMH,10951,GEOCHEM_ROCK,Geochemistry - Whole Rock Analysis,33,d505wicr-33,none,A16-00701Final
34,Point,16TM0793,16TM0793A,474414,5049120,45.595152,-63.328046,d505wi,cr,TMH,10951,GEOCHEM_ROCK,Geochemistry - Whole Rock Analysis,34,d505wicr-34,none,A16-00701Final
35,Point,16TM0793,16TM0793B,474414,5049120,45.595152,-63.328046,d505wi,cr,TMH,10951,GEOCHEM_ROCK,Geochemistry - Whole Rock Analysis,35,d505wicr-35,none,A16-00701Final
36,Point,16TM0799,16TM0799B,476703,5046262,45.569508,-63.298562,d505wi,cr,TMH,10951,GEOCHEM_ROCK,Geochemistry - Whole Rock Analysis,36,d505wicr-36,none,A16-00701Final
37,Point,16TM0800,16TM0800A,476687,5046261,45.569498,-63.298767,d505wi,cr,TMH,10951,GEOCHEM_ROCK,Geochemistry - Whole Rock Analysis,37,d505wicr-37,none,A16-00701Final
38,Point,16TM0800,16TM0800B,476687,5046261,45.569498,-63.298767,d505wi,cr,TMH,10951,GEOCHEM_ROCK,Geochemistry - Whole Rock Analysis,38,d505wicr-38,none,A16-00701Final
39,Point,16TM0801,16TM0801A,476676,5046273,45.569606,-63.298909,d505wi,cr,TMH,10951,GEOCHEM_ROCK,Geochemistry - Whole Rock Analysis,39,d505wicr-39,none,A16-00701Final
40,Point,16TM0813,16TM0813,477746,5044695,45.555437,-63.285125,d505wi,cr,TMH,10951,GEOCHEM_ROCK,Geochemistry - Whole Rock Analysis,40,d505wicr-40,none,A16-00701Final
41,Point,16TM0815,16TM0815A,476579,5046094,45.567991,-63.300143,d505wi,cr,TMH,10951,GEOCHEM_ROCK,Geochemistry - Whole Rock Analysis,41,d505wicr-41,none,A16-00701Final
42,Point,16TM0815,16TM0815B,476579,5046094,45.567991,-63.300143,d505wi,cr,TMH,10951,GEOCHEM_ROCK,Geochemistry - Whole Rock Analysis,42,d505wicr-42,none,A16-00701Final
43,Point,16TM0817,16TM0817,475312,5045535,45.562916,-63.316352,d505wi,cr,TMH,10951,GEOCHEM_ROCK,Geochemistry - Whole Rock Analysis,43,d505wicr-43,none,A16-00701Final
44,Point,16TM0823,16TM0823,475495,5047816,45.583454,-63.314121,d505wi,cr,TMH,10951,GEOCHEM_ROCK,Geochemistry - Whole Rock Analysis,44,d505wicr-44,none,A16-00701Final
45,Point,16TM0858,16TM0858,470964,5051456,45.616042,-63.372418,d505wi,cr,TMH,10951,GEOCHEM_ROCK,Geochemistry - Whole Rock Analysis,45,d505wicr-45,none,A16-00701Final
46,Point,16TM0859,16TM0859,476256,5051331,45.615118,-63.304537,d505wi,cr,TMH,10951,GEOCHEM_ROCK,Geochemistry - Whole Rock Analysis,46,d505wicr-46,none,A16-00701Final
47,Point,16TM0860,16TM0860,467417,5052342,45.623859,-63.41797,d505wi,cr,TMH,10951,GEOCHEM_ROCK,Geochemistry - Whole Rock Analysis,47,d505wicr-47,none,A16-00701Final
48,Point,16TM0861,16TM0861,463650,5051020,45.611773,-63.466193,d505wi,cr,TMH,10951,GEOCHEM_ROCK,Geochemistry - Whole Rock Analysis,48,d505wicr-48,none,A16-00701Final
